id;data;id_loja;id_cliente;id_funcionario
1;01/05/2022;1;43;21
2;01/05/2022;4;;3
3;26/05/2022;3;;36
4;15/05/2022;1;;29
5;31/05/2022;3;;1
6;22/05/2022;5;;24
7;01/05/2022;6;19;13
8;14/05/2022;3;;3
9;14/05/2022;3;;12
10;22/05/2022;3;;7
11;21/05/2022;3;;19
12;25/05/2022;1;;2
13;01/05/2022;1;;15
14;30/05/2022;4;;18
15;17/05/2022;6;;20
16;10/05/2022;5;;7
17;10/05/2022;4;60;14
18;04/05/2022;3;10;12
19;17/05/2022;1;51;20
20;05/05/2022;6;47;39
21;14/05/2022;3;5;25
22;21/05/2022;5;55;30
23;15/05/2022;1;57;22
24;10/05/2022;1;;40
25;18/05/2022;5;51;39
26;11/05/2022;4;34;8
27;27/05/2022;3;19;34
28;10/05/2022;4;28;19
29;22/05/2022;1;54;22
30;30/05/2022;6;20;35
31;29/05/2022;4;56;37
32;24/05/2022;6;6;1
33;06/05/2022;5;23;27
34;13/05/2022;6;55;40
35;12/05/2022;4;9;37
36;07/05/2022;1;52;5
37;03/05/2022;3;26;36
38;25/05/2022;4;6;13
39;21/05/2022;3;34;28
40;09/05/2022;2;32;33
41;29/05/2022;1;44;12
42;11/05/2022;3;22;4
43;21/05/2022;2;44;1
44;08/05/2022;5;49;24
45;03/05/2022;5;55;2
46;13/05/2022;3;25;13
47;25/05/2022;3;13;19
48;12/05/2022;5;17;35
49;23/05/2022;3;5;40
50;22/05/2022;3;35;33
51;26/05/2022;4;54;2
52;12/05/2022;1;53;12
53;18/05/2022;6;3;33
54;10/05/2022;2;44;6
55;30/05/2022;1;32;25
56;20/05/2022;1;31;16
57;06/05/2022;2;58;23
58;29/05/2022;6;24;36
59;24/05/2022;6;21;6
60;13/05/2022;1;32;37
61;11/05/2022;4;15;8
62;24/05/2022;5;59;5
63;30/05/2022;1;3;19
64;17/05/2022;6;6;31
65;22/05/2022;1;26;20
66;05/05/2022;3;40;1
67;29/05/2022;1;8;32
68;09/05/2022;1;58;38
69;22/05/2022;1;3;4
70;19/05/2022;6;44;13
71;03/05/2022;5;55;36
72;03/05/2022;4;41;18
73;29/05/2022;4;6;27
74;14/05/2022;1;46;36
75;23/05/2022;3;48;21
76;23/05/2022;3;6;31
77;25/05/2022;1;11;36
78;24/05/2022;6;12;6
79;08/05/2022;5;13;5
80;21/05/2022;3;21;4
81;22/05/2022;4;27;9
82;21/05/2022;6;38;29
83;09/05/2022;5;42;26
84;14/05/2022;1;42;37
85;25/05/2022;5;55;17
86;18/05/2022;5;5;25
87;16/05/2022;4;17;29
88;30/05/2022;2;6;6
89;13/05/2022;1;;8
90;18/05/2022;3;;40
91;08/05/2022;4;;10
92;10/05/2022;4;;34
93;17/05/2022;3;;25
94;09/05/2022;1;56;8
95;28/05/2022;2;;39
96;19/05/2022;3;;20
97;16/05/2022;5;;6
98;11/05/2022;2;34;22
99;21/05/2022;1;49;17
100;24/05/2022;6;14;28
101;23/05/2022;4;31;10
102;07/05/2022;2;19;31
103;01/05/2022;4;56;25
104;05/05/2022;6;53;18
105;20/05/2022;5;44;21
106;19/05/2022;6;;34
107;30/05/2022;5;;12
108;06/05/2022;6;3;13
109;04/05/2022;2;40;15
110;06/05/2022;5;;17
111;04/05/2022;4;15;16
112;28/05/2022;2;41;35
113;14/05/2022;5;41;18
114;17/05/2022;3;;21
115;25/05/2022;3;15;32
116;07/05/2022;6;10;17
117;10/05/2022;2;;6
118;11/05/2022;2;31;38
119;22/05/2022;5;7;4
120;24/05/2022;3;;26
121;12/05/2022;4;38;12
122;13/05/2022;1;33;7
123;28/05/2022;6;;5
124;19/05/2022;5;32;24
125;08/05/2022;2;33;40
126;14/05/2022;3;;30
127;11/05/2022;5;3;24
128;27/05/2022;2;19;22
129;19/05/2022;5;40;19
130;27/05/2022;4;7;16
131;30/05/2022;5;24;16
132;30/05/2022;5;39;15
133;14/05/2022;3;8;11
134;11/05/2022;2;18;34
135;09/05/2022;6;55;12
136;31/05/2022;6;23;30
137;23/05/2022;6;16;10
138;02/05/2022;5;47;2
139;14/05/2022;3;;27
140;19/05/2022;4;45;2
141;06/05/2022;2;41;19
142;15/05/2022;5;48;22
143;16/05/2022;1;48;16
144;28/05/2022;3;13;28
145;31/05/2022;1;34;30
146;19/05/2022;1;6;19
147;01/05/2022;3;10;15
148;11/05/2022;3;1;4
149;24/05/2022;6;38;20
150;01/05/2022;1;44;3
151;12/05/2022;2;39;25
152;05/05/2022;5;48;3
153;16/05/2022;2;5;22
154;13/05/2022;5;47;8
155;23/05/2022;1;33;35
156;09/05/2022;1;13;20
157;11/05/2022;6;26;34
158;28/05/2022;3;;26
159;11/05/2022;2;27;6
160;07/05/2022;5;39;35
161;26/05/2022;6;47;1
162;25/05/2022;4;47;20
163;05/05/2022;3;18;27
164;31/05/2022;6;55;16
165;12/05/2022;3;7;8
166;25/05/2022;5;5;21
167;01/05/2022;6;20;8
168;29/05/2022;1;19;3
169;11/05/2022;2;;20
170;26/05/2022;2;34;8
171;27/05/2022;2;20;31
172;06/05/2022;2;38;8
173;17/05/2022;3;11;7
174;17/05/2022;1;27;29
175;22/05/2022;6;4;8
176;22/05/2022;2;42;24
177;26/05/2022;2;54;16
178;10/05/2022;4;60;20
179;12/05/2022;3;17;5
180;30/05/2022;1;27;13
181;07/05/2022;6;58;36
182;12/05/2022;5;;16
183;21/05/2022;2;53;28
184;03/05/2022;4;26;26
185;03/05/2022;1;12;23
186;13/05/2022;1;;12
187;19/05/2022;5;4;29
188;31/05/2022;3;24;10
189;22/05/2022;4;34;14
190;16/05/2022;3;21;34
191;11/05/2022;2;;18
192;12/05/2022;6;47;14
193;02/05/2022;2;26;13
194;29/05/2022;3;16;2
195;15/05/2022;3;;8
196;06/05/2022;1;2;23
197;24/05/2022;2;24;35
198;01/05/2022;5;43;31
199;02/05/2022;1;35;26
200;18/05/2022;6;54;24
201;14/05/2022;3;17;19
202;29/05/2022;1;32;14
203;20/05/2022;4;2;23
204;29/05/2022;5;29;2
205;06/05/2022;5;32;9
206;28/05/2022;3;6;11
207;07/05/2022;4;46;4
208;02/05/2022;5;32;14
209;18/05/2022;2;50;18
210;26/05/2022;5;42;26
211;30/05/2022;3;25;38
212;05/05/2022;1;21;1
213;01/05/2022;3;45;23
214;12/05/2022;6;35;35
215;07/05/2022;2;6;16
216;08/05/2022;5;37;14
217;10/05/2022;6;34;10
218;06/05/2022;2;54;19
219;28/05/2022;2;53;22
220;15/05/2022;4;41;14
221;26/05/2022;6;11;34
222;30/05/2022;1;43;9
223;12/05/2022;5;7;36
224;29/05/2022;3;4;33
225;13/05/2022;4;56;5
226;24/05/2022;1;;17
227;05/05/2022;1;;36
228;04/05/2022;3;;25
229;20/05/2022;5;;22
230;31/05/2022;1;;23
231;22/05/2022;3;;31
232;07/05/2022;1;30;19
233;03/05/2022;5;44;24
234;08/05/2022;3;50;10
235;04/05/2022;4;60;24
236;21/05/2022;6;48;18
237;05/05/2022;1;18;32
238;05/05/2022;6;41;17
239;20/05/2022;3;55;27
240;28/05/2022;2;28;3
241;03/05/2022;2;34;16
242;13/05/2022;4;42;3
243;18/05/2022;2;11;14
244;21/05/2022;4;36;29
245;11/05/2022;1;56;27
246;05/05/2022;2;17;36
247;30/05/2022;4;11;33
248;27/05/2022;3;19;12
249;20/05/2022;1;32;30
250;08/05/2022;2;14;21
251;25/05/2022;4;49;9
252;19/05/2022;1;50;29
253;13/05/2022;5;31;25
254;15/05/2022;2;23;3
255;11/05/2022;1;40;9
256;14/05/2022;2;11;12
257;29/05/2022;1;;17
258;01/05/2022;2;;13
259;19/05/2022;6;;26
260;08/05/2022;3;;23
261;17/05/2022;4;;30
262;24/05/2022;3;;23
263;23/05/2022;4;;39
264;25/05/2022;6;;34
265;18/05/2022;4;;17
266;30/05/2022;3;;33
267;31/05/2022;3;;21
268;14/05/2022;3;;39
269;21/05/2022;6;;17
270;04/05/2022;3;60;39
271;24/05/2022;5;51;36
272;05/05/2022;6;34;36
273;08/05/2022;1;3;7
274;19/05/2022;5;22;12
275;09/05/2022;4;53;12
276;20/05/2022;3;20;39
277;14/05/2022;1;39;1
278;26/05/2022;3;39;30
279;09/05/2022;5;5;34
280;05/05/2022;5;36;1
281;17/05/2022;3;59;36
282;30/05/2022;1;13;29
283;15/05/2022;3;44;28
284;17/05/2022;5;37;28
285;16/05/2022;1;44;40
286;30/05/2022;6;43;33
287;21/05/2022;4;37;28
288;08/05/2022;1;18;1
289;06/05/2022;1;30;34
290;12/05/2022;2;38;17
291;05/05/2022;1;31;8
292;26/05/2022;6;44;35
293;13/05/2022;1;28;10
294;10/05/2022;5;;9
295;03/05/2022;2;;26
296;12/05/2022;4;;5
297;20/05/2022;4;;27
298;26/05/2022;5;;25
299;01/05/2022;2;44;1
300;25/05/2022;4;;27
301;01/05/2022;1;;7
302;22/05/2022;4;;10
303;12/05/2022;4;;40
304;04/05/2022;5;;29
305;17/05/2022;3;;9
306;25/05/2022;6;;39
307;27/05/2022;5;12;2
308;05/05/2022;1;13;28
309;15/05/2022;5;25;2
310;06/05/2022;3;21;14
311;14/05/2022;3;43;28
312;19/05/2022;1;21;37
313;31/05/2022;5;22;30
314;19/05/2022;4;2;12
315;13/05/2022;1;2;21
316;17/05/2022;3;3;36
317;22/05/2022;3;33;6
318;18/05/2022;5;39;34
319;02/05/2022;5;47;1
320;09/05/2022;2;33;15
321;05/05/2022;3;31;16
322;22/05/2022;1;32;35
323;09/05/2022;3;31;38
324;21/05/2022;1;28;39
325;07/05/2022;5;1;37
326;11/05/2022;3;16;23
327;30/05/2022;4;2;26
328;28/05/2022;1;17;6
329;15/05/2022;5;4;2
330;27/05/2022;4;57;11
331;06/05/2022;4;45;16
332;01/05/2022;1;38;10
333;17/05/2022;6;60;33
334;01/05/2022;3;45;11
335;01/05/2022;2;54;28
336;11/05/2022;3;12;8
337;29/05/2022;2;1;26
338;29/05/2022;5;47;12
339;30/05/2022;5;21;5
340;28/05/2022;5;26;30
341;16/05/2022;1;29;25
342;25/05/2022;5;41;11
343;16/05/2022;6;29;19
344;16/05/2022;4;59;25
345;16/05/2022;2;40;3
346;10/05/2022;1;11;30
347;25/05/2022;6;43;8
348;14/05/2022;6;47;26
349;09/05/2022;4;54;2
350;16/05/2022;6;5;35
351;20/05/2022;6;6;25
352;08/05/2022;5;47;7
353;08/05/2022;6;9;18
354;01/05/2022;4;57;10
355;19/05/2022;4;8;2
356;14/05/2022;5;42;1
357;27/05/2022;2;54;34
358;01/05/2022;4;15;12
359;27/05/2022;4;19;17
360;20/05/2022;5;2;16
361;19/05/2022;3;31;36
362;31/05/2022;4;24;13
363;26/05/2022;6;7;32
364;23/05/2022;6;7;36
365;31/05/2022;1;60;14
366;18/05/2022;1;2;22
367;03/05/2022;5;20;27
368;12/05/2022;3;35;40
369;20/05/2022;2;11;6
370;07/05/2022;4;25;14
371;19/05/2022;1;31;19
372;29/05/2022;3;51;33
373;25/05/2022;4;12;25
374;29/05/2022;4;22;2
375;03/05/2022;2;47;10
376;10/05/2022;4;40;10
377;16/05/2022;4;36;22
378;27/05/2022;1;40;4
379;24/05/2022;5;21;13
380;27/05/2022;2;42;24
381;04/05/2022;2;41;8
382;06/05/2022;3;18;38
383;25/05/2022;6;55;19
384;29/05/2022;5;43;37
385;11/05/2022;2;49;23
386;26/05/2022;5;23;24
387;30/05/2022;3;4;22
388;31/05/2022;6;34;7
389;22/05/2022;3;60;30
390;31/05/2022;4;6;39
391;17/05/2022;4;11;26
392;27/05/2022;5;9;15
393;06/05/2022;4;19;33
394;08/05/2022;5;49;19
395;14/05/2022;3;7;40
396;14/05/2022;3;28;33
397;21/05/2022;3;51;16
398;27/05/2022;4;44;13
399;22/05/2022;6;26;22
400;28/05/2022;5;35;36
401;08/05/2022;2;43;18
402;31/05/2022;3;47;26
403;21/05/2022;5;54;37
404;02/05/2022;5;14;34
405;06/05/2022;6;33;12
406;08/05/2022;5;17;22
407;13/05/2022;2;2;34
408;19/05/2022;6;6;20
409;11/05/2022;5;25;15
410;23/05/2022;2;6;39
411;25/05/2022;1;33;22
412;18/05/2022;6;9;40
413;03/05/2022;4;19;27
414;17/05/2022;1;49;12
415;07/05/2022;5;59;37
416;22/05/2022;3;6;13
417;14/05/2022;5;52;18
418;17/05/2022;3;36;36
419;22/05/2022;1;3;4
420;21/05/2022;5;33;30
421;25/05/2022;3;32;35
422;31/05/2022;4;12;26
423;22/05/2022;4;36;36
424;20/05/2022;1;27;1
425;03/05/2022;5;43;23
426;15/05/2022;1;6;32
427;02/05/2022;4;24;28
428;27/05/2022;4;52;35
429;31/05/2022;4;18;26
430;09/05/2022;2;3;33
431;06/05/2022;6;2;21
432;03/05/2022;3;43;4
433;14/05/2022;3;46;3
434;30/05/2022;6;40;20
435;21/05/2022;1;36;5
436;13/05/2022;3;37;20
437;26/05/2022;4;60;20
438;31/05/2022;3;59;22
439;12/05/2022;3;2;1
440;01/05/2022;2;44;12
441;10/05/2022;3;14;2
442;10/05/2022;5;22;36
443;09/05/2022;3;4;28
444;07/05/2022;4;10;16
445;06/05/2022;3;14;21
446;12/05/2022;2;17;12
447;24/05/2022;1;56;27
448;06/05/2022;3;14;5
449;25/05/2022;3;56;20
450;01/05/2022;4;32;8
451;28/05/2022;4;29;15
452;28/05/2022;1;19;11
453;20/05/2022;4;9;39
454;14/05/2022;4;17;19
455;09/05/2022;1;57;4
456;14/05/2022;4;26;27
457;25/05/2022;5;57;3
458;19/05/2022;1;30;7
459;04/05/2022;5;38;1
460;20/05/2022;3;7;3
461;21/05/2022;3;17;40
462;10/05/2022;3;40;1
463;11/05/2022;2;50;8
464;23/05/2022;1;11;4
465;03/05/2022;2;8;38
466;11/05/2022;1;15;2
467;09/05/2022;6;23;3
468;21/05/2022;5;30;23
469;04/05/2022;3;6;6
470;14/05/2022;1;45;5
471;28/05/2022;6;21;37
472;18/05/2022;6;38;40
473;13/05/2022;2;47;31
474;10/05/2022;5;46;2
475;02/05/2022;6;7;38
476;04/05/2022;3;14;28
477;28/05/2022;2;53;7
478;15/05/2022;4;17;13
479;03/05/2022;5;22;35
480;15/05/2022;6;31;12
481;14/05/2022;3;43;39
482;28/05/2022;5;56;35
483;24/05/2022;4;18;14
484;09/05/2022;3;43;16
485;25/05/2022;3;37;39
486;18/05/2022;3;49;35
487;29/05/2022;1;26;21
488;03/05/2022;3;39;38
489;05/05/2022;6;26;33
490;25/05/2022;5;27;17
491;24/05/2022;2;55;34
492;13/05/2022;2;10;4
493;14/05/2022;2;33;31
494;14/05/2022;4;22;3
495;03/05/2022;6;17;4
496;29/05/2022;3;51;22
497;07/05/2022;3;6;12
498;14/05/2022;5;18;2
499;18/05/2022;4;47;3
500;09/05/2022;6;48;33
501;22/05/2022;2;6;2
502;17/05/2022;4;21;8
503;23/05/2022;3;7;6
504;25/05/2022;3;24;16
505;01/05/2022;1;15;23
506;09/05/2022;4;55;16
507;21/05/2022;6;19;18
508;21/05/2022;3;19;11
509;01/05/2022;6;18;16
510;25/05/2022;2;20;35
511;02/05/2022;1;29;23
512;06/05/2022;3;2;2
513;26/05/2022;1;32;19
514;31/05/2022;4;4;26
515;25/05/2022;2;35;4
516;17/05/2022;1;47;40
517;10/05/2022;4;16;31
518;23/05/2022;4;28;3
519;04/05/2022;5;49;37
520;24/05/2022;5;54;31
521;22/05/2022;5;25;2
522;28/05/2022;6;37;39
523;15/05/2022;1;53;40
524;13/05/2022;5;51;39
525;26/05/2022;6;49;17
526;11/05/2022;4;15;39
527;12/05/2022;3;11;13
528;12/05/2022;2;44;30
529;31/05/2022;6;41;35
530;10/05/2022;6;25;35
531;20/05/2022;5;4;2
532;24/05/2022;6;29;27
533;31/05/2022;1;32;22
534;05/05/2022;1;36;23
535;18/05/2022;3;57;29
536;17/05/2022;1;4;8
537;15/05/2022;3;31;18
538;12/05/2022;1;41;25
539;22/05/2022;4;9;17
540;18/05/2022;5;16;26
541;11/05/2022;6;6;31
542;21/05/2022;1;46;11
543;13/05/2022;2;56;15
544;25/05/2022;5;57;27
545;01/05/2022;1;36;10
546;05/05/2022;1;7;26
547;13/05/2022;3;50;9
548;30/05/2022;5;37;35
549;18/05/2022;2;40;10
550;15/05/2022;1;44;20
551;13/05/2022;1;19;20
552;25/05/2022;5;1;26
553;26/05/2022;2;4;12
554;22/05/2022;3;32;30
555;17/05/2022;6;55;5
556;02/05/2022;4;46;18
557;22/05/2022;1;17;28
558;14/05/2022;3;27;10
559;17/05/2022;3;58;8
560;20/05/2022;1;52;8
561;14/05/2022;5;29;40
562;07/05/2022;5;49;30
563;07/05/2022;4;39;29
564;14/05/2022;4;35;10
565;09/05/2022;5;24;40
566;31/05/2022;2;14;39
567;30/05/2022;3;8;8
568;31/05/2022;4;14;20
569;02/05/2022;4;37;20
570;20/05/2022;4;55;39
571;26/05/2022;5;60;23
572;28/05/2022;5;18;31
573;30/05/2022;3;50;3
574;24/05/2022;6;4;13
575;28/05/2022;4;22;2
576;20/05/2022;6;1;6
577;18/05/2022;4;60;32
578;10/05/2022;4;15;37
579;28/05/2022;2;9;31
580;13/05/2022;4;9;38
581;18/05/2022;3;28;3
582;08/05/2022;6;41;32
583;03/05/2022;4;2;13
584;13/05/2022;3;40;35
585;09/05/2022;6;41;38
586;29/05/2022;4;12;7
587;27/05/2022;2;8;13
588;28/05/2022;3;14;13
589;29/05/2022;5;59;18
590;26/05/2022;4;9;21
591;31/05/2022;5;23;30
592;10/05/2022;3;57;25
593;16/05/2022;6;14;28
594;10/05/2022;6;46;19
595;08/05/2022;5;58;23
596;25/05/2022;1;15;16
597;01/05/2022;5;37;1
598;31/05/2022;5;3;24
599;25/05/2022;2;18;23
600;13/05/2022;2;29;3
601;31/05/2022;3;7;37
602;12/05/2022;4;26;13
603;29/05/2022;3;55;24
604;20/05/2022;4;58;20
605;06/05/2022;4;8;32
606;24/05/2022;5;5;37
607;11/05/2022;2;49;17
608;06/05/2022;1;40;7
609;11/05/2022;4;4;25
610;05/05/2022;1;22;19
611;17/05/2022;6;12;11
612;08/05/2022;4;60;4
613;07/05/2022;5;45;40
614;23/05/2022;3;38;15
615;19/05/2022;5;11;16
616;06/05/2022;3;33;28
617;27/05/2022;5;46;32
618;29/05/2022;1;13;27
619;22/05/2022;1;10;19
620;16/05/2022;4;26;21
621;28/05/2022;3;60;5
622;16/05/2022;4;15;15
623;23/05/2022;1;3;20
624;18/05/2022;4;40;10
625;15/05/2022;5;59;29
626;15/05/2022;1;47;12
627;11/05/2022;3;24;33
628;02/05/2022;6;46;38
629;12/05/2022;3;14;7
630;15/05/2022;4;19;14
631;08/05/2022;4;20;20
632;03/05/2022;4;26;20
633;02/05/2022;5;35;10
634;14/05/2022;2;36;1
635;06/05/2022;4;50;29
636;11/05/2022;6;51;36
637;05/05/2022;2;9;19
638;17/05/2022;4;14;12
639;27/05/2022;4;56;16
640;09/05/2022;6;42;34
641;19/05/2022;4;33;10
642;20/05/2022;3;31;11
643;30/05/2022;6;9;24
644;01/05/2022;6;19;22
645;27/05/2022;2;27;29
646;08/05/2022;3;36;35
647;24/05/2022;3;18;35
648;09/05/2022;5;52;2
649;27/05/2022;5;29;28
650;20/05/2022;1;14;20
651;06/05/2022;4;45;18
652;06/05/2022;3;48;12
653;05/05/2022;1;36;11
654;25/05/2022;5;40;24
655;12/05/2022;2;45;32
656;28/05/2022;4;58;23
657;10/05/2022;2;7;32
658;27/05/2022;4;16;29
659;13/05/2022;6;40;15
660;04/05/2022;2;54;27
661;19/05/2022;6;48;30
662;16/05/2022;1;49;21
663;03/05/2022;6;54;2
664;29/05/2022;2;27;18
665;25/05/2022;2;52;27
666;22/05/2022;4;4;24
667;31/05/2022;5;13;19
668;03/05/2022;3;56;2
669;21/05/2022;4;29;13
670;13/05/2022;3;4;12
671;23/05/2022;4;58;16
672;19/05/2022;1;16;22
673;24/05/2022;2;31;2
674;21/05/2022;1;47;22
675;27/05/2022;3;44;26
676;30/05/2022;5;58;8
677;02/05/2022;5;57;22
678;21/05/2022;3;41;5
679;08/05/2022;1;44;12
680;28/05/2022;6;54;20
681;19/05/2022;5;19;24
682;19/05/2022;4;8;19
683;21/05/2022;1;10;1
684;21/05/2022;5;25;5
685;07/05/2022;1;53;18
686;23/05/2022;4;37;30
687;04/05/2022;4;19;32
688;27/05/2022;4;26;40
689;19/05/2022;5;13;26
690;16/05/2022;5;24;39
691;22/05/2022;5;29;18
692;22/05/2022;5;26;34
693;22/05/2022;5;34;25
694;01/05/2022;3;54;3
695;01/05/2022;6;22;12
696;04/05/2022;1;52;3
697;24/05/2022;3;40;17
698;14/05/2022;5;26;31
699;03/05/2022;6;2;18
700;27/05/2022;4;58;34
701;19/05/2022;3;36;3
702;23/05/2022;6;8;6
703;27/05/2022;4;50;15
704;02/05/2022;1;13;20
705;03/05/2022;1;20;5
706;07/05/2022;4;58;10
707;16/05/2022;1;20;13
708;17/05/2022;6;6;22
709;15/05/2022;1;60;34
710;03/05/2022;4;31;27
711;08/05/2022;5;13;18
712;17/05/2022;3;54;5
713;29/05/2022;6;38;26
714;13/05/2022;5;17;26
715;18/05/2022;2;31;20
716;05/05/2022;4;32;2
717;24/05/2022;4;2;30
718;14/05/2022;3;38;10
719;16/05/2022;2;7;1
720;12/05/2022;6;39;5
721;12/05/2022;4;40;16
722;13/05/2022;6;27;23
723;24/05/2022;2;28;39
724;26/05/2022;1;11;15
725;20/05/2022;3;47;14
726;30/05/2022;2;36;8
727;06/05/2022;2;6;10
728;14/05/2022;6;13;39
729;29/05/2022;5;53;30
730;03/05/2022;3;36;40
731;28/05/2022;4;48;8
732;18/05/2022;5;46;10
733;20/05/2022;4;34;9
734;26/05/2022;4;50;35
735;07/05/2022;1;54;11
736;10/05/2022;2;16;13
737;04/05/2022;2;39;12
738;19/05/2022;2;27;6
739;22/05/2022;1;3;11
740;03/05/2022;6;27;17
741;30/05/2022;5;11;17
742;25/05/2022;5;37;24
743;27/05/2022;3;41;14
744;29/05/2022;6;46;33
745;11/05/2022;3;46;9
746;07/05/2022;2;35;18
747;22/05/2022;2;33;28
748;26/05/2022;5;16;35
749;14/05/2022;3;3;13
750;08/05/2022;1;57;34
751;10/05/2022;4;30;11
752;03/05/2022;1;40;21
753;27/05/2022;1;16;40
754;11/05/2022;2;31;8
755;18/05/2022;1;43;5
756;05/05/2022;1;51;35
757;10/05/2022;3;49;1
758;16/05/2022;6;53;28
759;27/05/2022;4;21;37
760;17/05/2022;1;50;1
761;19/05/2022;3;53;39
762;09/05/2022;6;28;28
763;26/05/2022;4;13;25
764;11/05/2022;4;27;3
765;08/05/2022;3;21;9
766;29/05/2022;4;31;25
767;11/05/2022;2;50;36
768;23/05/2022;5;50;17
769;07/05/2022;4;23;5
770;12/05/2022;1;58;33
771;09/05/2022;4;52;33
772;25/05/2022;5;1;26
773;28/05/2022;4;24;10
774;09/05/2022;5;59;38
775;08/05/2022;2;36;31
776;16/05/2022;1;19;34
777;11/05/2022;4;21;22
778;07/05/2022;4;3;9
779;14/05/2022;6;6;2
780;28/05/2022;2;16;21
781;01/05/2022;5;2;19
782;14/05/2022;3;53;17
783;13/05/2022;3;32;26
784;20/05/2022;3;25;6
785;12/05/2022;3;12;2
786;08/05/2022;2;47;19
787;03/05/2022;6;26;20
788;21/05/2022;3;1;21
789;29/05/2022;1;37;11
790;23/05/2022;3;60;6
791;16/05/2022;3;25;4
792;13/05/2022;5;43;11
793;27/05/2022;4;20;35
794;11/05/2022;2;43;22
795;16/05/2022;6;30;11
796;17/05/2022;1;60;11
797;25/05/2022;6;54;19
798;26/05/2022;1;54;13
799;14/05/2022;3;42;34
800;25/05/2022;3;1;13
801;17/05/2022;1;54;20
802;30/05/2022;1;18;38
803;29/05/2022;4;12;14
804;03/05/2022;4;53;3
805;01/05/2022;2;54;22
806;02/05/2022;1;4;38
807;10/05/2022;3;24;8
808;22/05/2022;6;11;13
809;23/05/2022;5;23;39
810;14/05/2022;3;51;5
811;07/05/2022;6;60;12
812;28/05/2022;6;52;9
813;19/05/2022;6;34;3
814;18/05/2022;2;21;28
815;15/05/2022;6;54;33
816;07/05/2022;1;41;4
817;05/05/2022;3;42;17
818;05/05/2022;1;1;39
819;30/05/2022;6;40;25
820;23/05/2022;1;26;14
821;03/05/2022;5;39;35
822;07/05/2022;2;5;9
823;10/05/2022;6;48;7
824;28/05/2022;5;9;37
825;31/05/2022;6;1;20
826;25/05/2022;4;55;22
827;25/05/2022;3;29;19
828;23/05/2022;5;44;32
829;13/05/2022;3;43;14
830;06/05/2022;5;54;29
831;21/05/2022;3;48;26
832;16/05/2022;3;27;27
833;13/05/2022;6;28;19
834;05/05/2022;6;26;7
835;29/05/2022;3;55;13
836;21/05/2022;3;52;23
837;25/05/2022;6;43;27
838;11/05/2022;2;29;7
839;03/05/2022;1;39;33
840;05/05/2022;4;14;13
841;03/05/2022;2;30;19
842;09/05/2022;3;25;27
843;18/05/2022;2;4;4
844;22/05/2022;4;16;31
845;22/05/2022;4;29;30
846;08/05/2022;3;53;23
847;15/05/2022;1;38;36
848;01/05/2022;2;38;34
849;19/05/2022;4;55;16
850;08/05/2022;5;41;8
851;01/05/2022;5;28;18
852;17/05/2022;5;22;18
853;27/05/2022;1;56;6
854;27/05/2022;1;51;8
855;01/05/2022;6;12;22
856;23/05/2022;5;12;29
857;14/05/2022;4;33;6
858;09/05/2022;6;48;17
859;23/05/2022;1;38;10
860;30/05/2022;2;52;3
861;29/05/2022;5;57;20
862;12/05/2022;4;22;5
863;31/05/2022;2;46;19
864;20/05/2022;3;43;18
865;11/05/2022;2;10;18
866;17/05/2022;1;54;27
867;18/05/2022;2;5;25
868;22/05/2022;1;57;14
869;04/05/2022;6;42;23
870;20/05/2022;5;25;17
871;11/05/2022;3;8;36
872;30/05/2022;1;54;40
873;02/05/2022;5;37;21
874;14/05/2022;4;38;16
875;02/05/2022;2;29;37
876;29/05/2022;2;16;34
877;16/05/2022;2;40;10
878;18/05/2022;2;14;17
879;03/05/2022;5;47;4
880;12/05/2022;5;52;13
881;05/05/2022;6;26;9
882;22/05/2022;5;6;9
883;28/05/2022;6;41;36
884;09/05/2022;5;1;12
885;19/05/2022;5;30;37
886;31/05/2022;6;17;36
887;27/05/2022;1;29;35
888;12/05/2022;3;15;5
889;14/05/2022;5;10;2
890;15/05/2022;2;34;33
891;15/05/2022;1;41;6
892;19/05/2022;3;13;12
893;31/05/2022;5;30;27
894;09/05/2022;2;35;26
895;07/05/2022;1;24;26
896;28/05/2022;2;51;13
897;29/05/2022;5;11;25
898;15/05/2022;4;15;40
899;16/05/2022;5;6;10
900;15/05/2022;2;39;5
901;24/05/2022;4;47;33
902;11/05/2022;2;50;17
903;11/05/2022;5;29;28
904;17/05/2022;6;12;12
905;16/05/2022;2;57;34
906;23/05/2022;2;29;28
907;02/05/2022;2;40;22
908;09/05/2022;6;24;39
909;13/05/2022;2;16;39
910;21/05/2022;1;41;5
911;30/05/2022;2;18;8
912;11/05/2022;6;35;17
913;26/05/2022;1;35;24
914;03/05/2022;3;60;4
915;24/05/2022;4;35;27
916;04/05/2022;5;50;24
917;17/05/2022;1;23;15
918;26/05/2022;6;41;5
919;04/05/2022;2;30;16
920;02/05/2022;4;57;23
921;07/05/2022;6;16;29
922;30/05/2022;1;12;22
923;09/05/2022;4;42;29
924;19/05/2022;1;57;13
925;16/05/2022;6;12;8
926;13/05/2022;1;15;4
927;09/05/2022;6;25;38
928;17/05/2022;4;9;36
929;17/05/2022;4;7;6
930;19/05/2022;6;50;25
931;10/05/2022;2;58;29
932;17/05/2022;1;2;24
933;26/05/2022;1;48;35
934;25/05/2022;6;25;25
935;06/05/2022;2;18;14
936;15/05/2022;4;60;34
937;13/05/2022;2;1;39
938;04/05/2022;4;7;21
939;26/05/2022;1;2;19
940;30/05/2022;5;10;8
941;27/05/2022;2;2;1
942;13/05/2022;5;13;22
943;17/05/2022;4;18;22
944;16/05/2022;2;47;34
945;11/05/2022;6;18;18
946;31/05/2022;1;60;4
947;21/05/2022;4;32;21
948;15/05/2022;4;19;1
949;21/05/2022;6;40;1
950;02/05/2022;1;23;13
951;23/05/2022;4;28;32
952;18/05/2022;6;43;6
953;07/05/2022;3;40;21
954;17/05/2022;3;11;22
955;16/05/2022;3;33;7
956;27/05/2022;4;43;24
957;10/05/2022;3;31;8
958;06/05/2022;3;14;11
959;28/05/2022;5;47;4
960;14/05/2022;1;12;13
961;19/05/2022;2;10;37
962;03/05/2022;4;23;26
963;12/05/2022;2;1;33
964;10/05/2022;3;6;8
965;06/05/2022;6;28;38
966;25/05/2022;5;21;22
967;13/05/2022;1;49;14
968;05/05/2022;1;17;7
969;23/05/2022;4;24;21
970;19/05/2022;4;51;13
971;27/05/2022;1;33;1
972;30/05/2022;2;42;32
973;28/05/2022;6;11;21
974;25/05/2022;1;52;31
975;09/05/2022;5;19;27
976;09/05/2022;6;36;14
977;27/05/2022;4;26;27
978;13/05/2022;2;45;38
979;05/05/2022;3;4;40
980;09/05/2022;3;42;33
981;29/05/2022;1;45;19
982;22/05/2022;4;50;37
983;11/05/2022;2;21;16
984;23/05/2022;2;56;35
985;02/05/2022;4;35;9
986;13/05/2022;2;20;2
987;22/05/2022;3;57;28
988;05/05/2022;3;54;17
989;01/05/2022;5;59;13
990;27/05/2022;3;49;20
991;04/05/2022;5;10;13
992;18/05/2022;5;24;29
993;20/05/2022;4;47;30
994;10/05/2022;6;4;19
995;31/05/2022;6;2;3
996;18/05/2022;5;57;16
997;14/05/2022;5;3;27
998;19/05/2022;2;31;8
999;30/05/2022;6;37;13
1000;04/05/2022;4;24;29
1001;27/05/2022;1;45;37
1002;16/05/2022;6;25;1
1003;13/05/2022;1;29;23
1004;29/05/2022;1;7;14
1005;06/05/2022;1;56;19
1006;11/05/2022;6;3;19
1007;05/05/2022;4;14;7
1008;13/05/2022;3;31;26
1009;27/05/2022;5;43;28
1010;20/05/2022;2;59;4
1011;15/05/2022;2;11;39
1012;14/05/2022;3;2;16
1013;05/05/2022;5;9;16
1014;01/05/2022;3;15;4
1015;11/05/2022;4;34;18
1016;28/05/2022;4;6;12
1017;11/05/2022;5;14;9
1018;30/05/2022;2;24;9
1019;09/05/2022;5;2;11
1020;21/05/2022;1;21;35
1021;14/05/2022;4;23;20
1022;01/05/2022;2;48;34
1023;19/05/2022;3;51;24
1024;08/05/2022;3;10;40
1025;17/05/2022;4;38;39
1026;29/05/2022;6;9;10
1027;18/05/2022;3;42;12
1028;08/05/2022;6;40;33
1029;19/05/2022;3;7;31
1030;13/05/2022;5;39;8
1031;27/05/2022;4;49;19
1032;20/05/2022;5;52;14
1033;04/05/2022;1;24;11
1034;21/05/2022;2;30;12
1035;24/05/2022;3;54;16
1036;16/05/2022;5;2;29
1037;14/05/2022;3;45;35
1038;18/05/2022;4;2;27
1039;31/05/2022;5;34;15
1040;18/05/2022;5;40;11
1041;09/05/2022;1;4;28
1042;04/05/2022;3;36;18
1043;26/05/2022;3;51;26
1044;20/05/2022;3;38;1
1045;02/05/2022;4;31;4
1046;01/05/2022;2;52;26
1047;07/05/2022;2;4;17
1048;29/05/2022;6;57;40
1049;06/05/2022;4;49;18
1050;16/05/2022;4;27;31
1051;08/05/2022;1;14;9
1052;09/05/2022;3;7;23
1053;30/05/2022;6;27;34
1054;03/05/2022;5;27;30
1055;22/05/2022;1;7;38
1056;18/05/2022;2;16;3
1057;25/05/2022;5;28;26
1058;22/05/2022;4;24;33
1059;21/05/2022;3;59;15
1060;05/05/2022;6;53;26
1061;26/05/2022;4;19;37
1062;25/05/2022;3;27;7
1063;25/05/2022;1;46;16
1064;06/05/2022;3;17;17
1065;25/05/2022;5;18;4
1066;01/05/2022;5;42;37
1067;06/05/2022;6;55;37
1068;11/05/2022;1;5;39
1069;06/05/2022;2;49;39
1070;24/05/2022;2;55;25
1071;30/05/2022;3;20;22
1072;16/05/2022;1;30;36
1073;23/05/2022;4;34;28
1074;07/05/2022;5;41;13
1075;31/05/2022;3;18;28
1076;25/05/2022;2;54;31
1077;03/05/2022;6;32;9
1078;14/05/2022;1;2;11
1079;10/05/2022;1;10;9
1080;03/05/2022;3;51;30
1081;13/05/2022;1;19;2
1082;11/05/2022;3;7;5
1083;22/05/2022;6;34;23
1084;31/05/2022;3;11;33
1085;06/05/2022;5;3;25
1086;28/05/2022;4;21;21
1087;19/05/2022;6;60;3
1088;11/05/2022;5;60;17
1089;02/05/2022;4;39;2
1090;15/05/2022;1;41;27
1091;05/05/2022;6;7;17
1092;20/05/2022;5;8;6
1093;25/05/2022;5;55;28
1094;20/05/2022;5;29;34
1095;04/05/2022;1;60;40
1096;11/05/2022;6;54;36
1097;25/05/2022;3;39;20
1098;18/05/2022;2;32;27
1099;03/05/2022;1;36;8
1100;05/05/2022;1;59;12
1101;21/05/2022;3;39;1
1102;19/05/2022;3;40;31
1103;12/05/2022;4;43;10
1104;26/05/2022;2;34;8
1105;04/05/2022;6;38;15
1106;15/05/2022;2;54;4
1107;10/05/2022;3;31;35
1108;31/05/2022;6;34;25
1109;30/05/2022;3;37;15
1110;01/05/2022;6;50;20
1111;11/05/2022;1;17;22
1112;23/05/2022;5;29;10
1113;12/05/2022;6;36;22
1114;06/05/2022;5;8;26
1115;05/05/2022;2;1;26
1116;20/05/2022;1;3;1
1117;18/05/2022;6;21;23
1118;24/05/2022;6;49;28
1119;07/05/2022;2;5;5
1120;19/05/2022;4;31;16
1121;12/05/2022;6;47;21
1122;16/05/2022;6;33;24
1123;07/05/2022;5;29;29
1124;10/05/2022;6;13;16
1125;01/05/2022;1;15;6
1126;29/05/2022;1;25;13
1127;09/05/2022;3;6;12
1128;25/05/2022;3;1;6
1129;02/05/2022;3;4;10
1130;08/05/2022;4;16;10
1131;04/05/2022;2;21;20
1132;08/05/2022;6;1;21
1133;19/05/2022;1;18;3
1134;09/05/2022;1;24;38
1135;11/05/2022;2;53;1
1136;19/05/2022;4;45;34
1137;17/05/2022;5;46;6
1138;14/05/2022;5;18;14
1139;02/05/2022;2;19;30
1140;09/05/2022;1;3;19
1141;18/05/2022;1;34;5
1142;02/05/2022;6;30;33
1143;12/05/2022;3;10;30
1144;27/05/2022;2;5;5
1145;24/05/2022;1;3;31
1146;15/05/2022;1;53;15
1147;17/05/2022;3;39;37
1148;06/05/2022;3;45;10
1149;21/05/2022;1;15;14
1150;06/05/2022;6;26;32
1151;21/05/2022;1;15;2
1152;30/05/2022;6;5;3
1153;15/05/2022;1;33;31
1154;21/05/2022;3;12;1
1155;25/05/2022;4;30;35
1156;25/05/2022;4;45;30
1157;12/05/2022;4;53;19
1158;10/05/2022;6;26;36
1159;25/05/2022;5;53;18
1160;11/05/2022;4;26;28
1161;31/05/2022;2;16;37
1162;23/05/2022;5;25;32
1163;15/05/2022;6;52;30
1164;23/05/2022;1;26;26
1165;31/05/2022;3;44;29
1166;24/05/2022;3;41;31
1167;27/05/2022;1;46;16
1168;30/05/2022;5;13;1
1169;05/05/2022;4;7;8
1170;06/05/2022;1;19;12
1171;13/05/2022;3;37;27
1172;25/05/2022;1;11;21
1173;14/05/2022;5;43;7
1174;22/05/2022;2;60;16
1175;02/05/2022;3;19;19
1176;01/05/2022;2;37;24
1177;31/05/2022;4;53;29
1178;31/05/2022;5;8;25
1179;17/05/2022;5;28;20
1180;14/05/2022;4;22;6
1181;12/05/2022;1;2;2
1182;10/05/2022;3;38;8
1183;07/05/2022;6;3;30
1184;25/05/2022;3;60;25
1185;19/05/2022;1;44;13
1186;08/05/2022;6;2;3
1187;15/05/2022;6;27;29
1188;07/05/2022;4;60;3
1189;27/05/2022;2;45;15
1190;18/05/2022;4;43;4
1191;29/05/2022;1;14;1
1192;20/05/2022;1;36;39
1193;28/05/2022;3;34;19
1194;19/05/2022;5;44;7
1195;18/05/2022;4;21;22
1196;08/05/2022;4;39;19
1197;28/05/2022;1;57;7
1198;20/05/2022;4;40;37
1199;03/05/2022;2;21;6
1200;16/05/2022;5;57;11
1201;20/05/2022;4;36;2
1202;25/05/2022;1;54;38
1203;07/05/2022;2;20;2
1204;29/05/2022;6;;15
1205;02/05/2022;4;;14
1206;23/05/2022;2;;26
1207;04/05/2022;6;;33
1208;30/05/2022;6;;36
1209;01/05/2022;6;;32
1210;09/05/2022;6;;23
1211;22/05/2022;1;;9
1212;09/05/2022;2;;18
1213;05/05/2022;4;;6
1214;29/05/2022;6;;8
1215;31/05/2022;1;;18
1216;08/05/2022;2;;30
1217;09/05/2022;1;;21
1218;10/05/2022;6;;7
1219;13/05/2022;4;;10
1220;23/05/2022;1;;7
1221;10/05/2022;5;;23
1222;01/05/2022;2;;35
1223;05/05/2022;2;;23
1224;18/05/2022;1;;24
1225;30/05/2022;1;;2
1226;07/05/2022;1;;5
1227;11/05/2022;6;;13
1228;05/05/2022;3;;20
1229;24/05/2022;3;;39
1230;07/05/2022;5;;31
1231;23/05/2022;4;;29
1232;24/05/2022;2;;14
1233;30/05/2022;3;;38
1234;10/05/2022;5;;16
1235;03/05/2022;3;;5
1236;13/05/2022;4;;26
1237;25/05/2022;5;;27
1238;01/05/2022;6;;40
1239;18/05/2022;3;;34
1240;02/05/2022;4;;15
1241;28/05/2022;3;;2
1242;07/05/2022;6;;28
1243;24/05/2022;1;;4
1244;15/05/2022;4;;20
1245;22/05/2022;2;;11
1246;15/05/2022;4;;22
1247;31/05/2022;2;;33
1248;30/05/2022;4;;37
1249;10/05/2022;6;;37
1250;16/05/2022;5;;3
1251;23/05/2022;5;;24
1252;28/05/2022;4;;5
1253;07/05/2022;1;;18
1254;25/05/2022;6;;15
1255;02/05/2022;4;;37
1256;29/05/2022;5;;7
1257;09/05/2022;6;;12
1258;14/05/2022;5;;34
1259;17/05/2022;6;;23
1260;03/05/2022;3;;1
1261;03/05/2022;5;;12
1262;19/05/2022;1;;12
1263;31/05/2022;6;;29
1264;20/05/2022;3;;13
1265;31/05/2022;1;;3
1266;04/05/2022;4;;34
1267;23/05/2022;6;;12
1268;23/05/2022;4;;15
1269;23/05/2022;4;;12
1270;05/05/2022;1;;15
1271;27/05/2022;1;;37
1272;16/05/2022;5;;11
1273;01/05/2022;2;;2
1274;23/05/2022;3;;15
1275;15/05/2022;1;;28
1276;04/05/2022;2;;1
1277;04/05/2022;2;;1
1278;01/05/2022;6;;23
1279;04/05/2022;1;;22
1280;06/05/2022;5;;28
1281;07/05/2022;3;;37
1282;25/05/2022;2;;19
1283;13/05/2022;6;;34
1284;17/05/2022;3;;26
1285;28/05/2022;1;;20
1286;31/05/2022;5;;4
1287;15/05/2022;3;;32
1288;24/05/2022;2;;17
1289;19/05/2022;6;;36
1290;01/05/2022;4;;25
1291;03/05/2022;5;;12
1292;06/05/2022;2;;10
1293;17/05/2022;4;;38
1294;20/05/2022;5;;22
1295;14/05/2022;1;;20
1296;09/05/2022;4;;26
1297;27/05/2022;4;;28
1298;29/05/2022;3;;32
1299;31/05/2022;2;;40
1300;30/05/2022;6;;11
1301;03/05/2022;3;;24
1302;15/05/2022;3;;6
1303;12/05/2022;2;;6
1304;15/05/2022;1;;25
1305;09/05/2022;5;;16
1306;12/05/2022;5;;1
1307;28/05/2022;3;;22
1308;11/05/2022;1;;4
1309;20/05/2022;5;;30
1310;10/05/2022;4;;7
1311;16/05/2022;2;;15
1312;14/05/2022;6;;35
1313;29/05/2022;2;;38
1314;29/05/2022;6;;36
1315;11/05/2022;6;;28
1316;01/05/2022;2;;1
1317;15/05/2022;3;;5
1318;04/05/2022;1;;7
1319;28/05/2022;1;;16
1320;23/05/2022;6;;39
1321;12/05/2022;2;;6
1322;23/05/2022;5;;29
1323;09/05/2022;4;;4
1324;29/05/2022;3;;36
1325;05/05/2022;4;;19
1326;28/05/2022;3;;18
1327;05/05/2022;4;;30
1328;22/05/2022;1;;20
1329;31/05/2022;2;;25
1330;05/05/2022;5;;5
1331;31/05/2022;1;;33
1332;30/05/2022;5;;11
1333;26/05/2022;5;;35
1334;08/05/2022;2;;40
1335;17/05/2022;2;;26
1336;24/05/2022;5;;4
1337;14/05/2022;5;;29
1338;11/05/2022;6;;31
1339;04/05/2022;2;;26
1340;29/05/2022;5;;15
1341;18/05/2022;5;;17
1342;31/05/2022;1;;27
1343;21/05/2022;3;;14
1344;29/05/2022;2;;14
1345;17/05/2022;3;;20
1346;08/05/2022;3;;9
1347;13/05/2022;3;;29
1348;16/05/2022;3;;29
1349;31/05/2022;5;;7
1350;05/05/2022;2;;11
1351;01/05/2022;6;;27
1352;20/05/2022;2;;27
1353;27/05/2022;3;;9
1354;18/05/2022;4;;20
1355;02/05/2022;5;;5
1356;27/05/2022;6;;4
1357;06/05/2022;5;;1
1358;03/05/2022;6;;22
1359;14/05/2022;3;;1
1360;17/05/2022;4;;36
1361;21/05/2022;4;;36
1362;23/05/2022;3;;8
1363;19/05/2022;5;;11
1364;22/05/2022;2;;32
1365;14/05/2022;4;;19
1366;04/05/2022;3;;8
1367;29/05/2022;1;;1
1368;15/05/2022;3;;38
1369;23/05/2022;4;;16
1370;31/05/2022;1;;5
1371;10/05/2022;1;;2
1372;14/05/2022;1;;1
1373;25/05/2022;6;;29
1374;19/05/2022;1;;26
1375;18/05/2022;4;;36
1376;07/05/2022;5;;25
1377;02/05/2022;6;;9
1378;02/05/2022;1;;27
1379;11/05/2022;1;;39
1380;22/05/2022;5;;29
1381;11/05/2022;4;;25
1382;02/05/2022;2;;10
1383;24/05/2022;3;;31
1384;13/05/2022;5;;1
1385;29/05/2022;3;;40
1386;14/05/2022;3;;32
1387;14/05/2022;6;;3
1388;11/05/2022;4;;3
1389;10/05/2022;4;;27
1390;30/05/2022;5;;36
1391;21/05/2022;5;;31
1392;07/05/2022;1;;9
1393;04/05/2022;4;;19
1394;10/05/2022;6;;8
1395;02/05/2022;1;;20
1396;18/05/2022;5;;29
1397;07/05/2022;5;;21
1398;18/05/2022;2;;7
1399;18/05/2022;4;;14
1400;11/05/2022;3;;35
1401;28/05/2022;3;;30
1402;08/05/2022;6;;24
1403;01/05/2022;6;;7
1404;23/05/2022;2;;16
1405;04/05/2022;5;;28
1406;23/05/2022;3;;15
1407;19/05/2022;4;;19
1408;03/05/2022;2;;30
1409;23/05/2022;5;;34
1410;24/05/2022;4;;15
1411;31/05/2022;6;;20
1412;06/05/2022;6;;20
1413;01/05/2022;5;;26
1414;03/05/2022;1;;1
1415;04/05/2022;4;;35
1416;10/05/2022;6;;4
1417;25/05/2022;6;;31
1418;13/05/2022;6;;7
1419;28/05/2022;2;;32
1420;18/05/2022;4;;20
1421;29/05/2022;3;;14
1422;07/05/2022;1;;5
1423;17/05/2022;5;;7
1424;14/05/2022;4;;13
1425;12/05/2022;2;;7
1426;23/05/2022;1;;10
1427;16/05/2022;6;;6
1428;23/05/2022;4;;5
1429;26/05/2022;5;;31
1430;06/05/2022;1;;22
1431;25/05/2022;6;;11
1432;27/05/2022;4;;5
1433;28/05/2022;1;;16
1434;30/05/2022;2;;9
1435;30/05/2022;2;;32
1436;15/05/2022;2;;5
1437;06/05/2022;6;;38
1438;05/05/2022;2;;14
1439;11/05/2022;3;;35
1440;01/05/2022;6;;4
1441;30/05/2022;5;;7
1442;28/05/2022;2;;27
1443;28/05/2022;4;;37
1444;09/05/2022;5;;28
1445;21/05/2022;3;;35
1446;15/05/2022;6;;3
1447;24/05/2022;4;;35
1448;05/05/2022;6;;14
1449;27/05/2022;4;;22
1450;18/05/2022;1;;40
1451;24/05/2022;6;;40
1452;12/05/2022;4;;15
1453;02/05/2022;4;;6
1454;26/05/2022;1;;22
1455;03/05/2022;1;;19
1456;03/05/2022;4;;35
1457;05/05/2022;2;;4
1458;23/05/2022;6;;30
1459;11/05/2022;1;;24
1460;14/05/2022;6;;30
1461;09/05/2022;1;;27
1462;15/05/2022;2;;10
1463;13/05/2022;2;;18
1464;02/05/2022;4;;23
1465;25/05/2022;6;;15
1466;25/05/2022;2;;9
1467;11/05/2022;1;;13
1468;14/05/2022;1;;11
1469;17/05/2022;6;;2
1470;16/05/2022;6;;28
1471;25/05/2022;5;;39
1472;06/05/2022;3;;6
1473;12/05/2022;5;;2
1474;19/05/2022;4;;6
1475;09/05/2022;5;;8
1476;08/05/2022;1;;27
1477;14/05/2022;5;;29
1478;17/05/2022;1;;26
1479;13/05/2022;3;;20
1480;05/05/2022;4;;1
1481;05/05/2022;4;;24
1482;09/05/2022;2;;15
1483;02/05/2022;4;;13
1484;13/05/2022;6;;20
1485;24/05/2022;3;;23
1486;09/05/2022;1;;4
1487;17/05/2022;6;;6
1488;13/05/2022;6;;4
1489;06/05/2022;5;;13
1490;17/05/2022;1;;3
1491;05/05/2022;3;;27
1492;23/05/2022;3;;12
1493;18/05/2022;5;;23
1494;08/05/2022;3;;20
1495;16/05/2022;6;;5
1496;15/05/2022;3;;39
1497;15/05/2022;2;;31
1498;09/05/2022;4;;8
1499;16/05/2022;1;;27
1500;24/05/2022;3;;19
1501;03/05/2022;1;;3
1502;08/05/2022;6;;3
1503;07/05/2022;1;;5
1504;04/05/2022;6;;8
1505;27/05/2022;6;;6
1506;06/05/2022;1;;15
1507;04/05/2022;2;;23
1508;24/05/2022;3;;1
1509;13/05/2022;4;;17
1510;28/05/2022;1;;16
1511;20/05/2022;6;;37
1512;03/05/2022;3;;6
1513;02/05/2022;2;;11
1514;28/05/2022;6;;18
1515;01/05/2022;1;;6
1516;11/05/2022;3;;40
1517;13/05/2022;2;;10
1518;07/05/2022;1;;22
1519;10/05/2022;4;;34
1520;26/05/2022;5;;39
1521;11/05/2022;3;;15
1522;09/05/2022;5;;6
1523;14/05/2022;2;;2
1524;30/05/2022;2;;7
1525;08/05/2022;2;;38
1526;23/05/2022;6;;28
1527;11/05/2022;6;;36
1528;03/05/2022;3;;34
1529;12/05/2022;1;;26
1530;08/05/2022;5;;18
1531;11/05/2022;4;;40
1532;04/05/2022;1;;28
1533;20/05/2022;6;;9
1534;22/05/2022;4;;32
1535;01/05/2022;1;;9
1536;10/05/2022;2;;11
1537;10/05/2022;4;;3
1538;25/05/2022;1;;30
1539;04/05/2022;3;;35
1540;28/05/2022;3;;10
1541;05/05/2022;1;;9
1542;17/05/2022;4;;15
1543;17/05/2022;2;;1
1544;27/05/2022;3;;27
1545;17/05/2022;1;;27
1546;11/05/2022;2;;6
1547;20/05/2022;4;;8
1548;27/05/2022;2;;29
1549;02/05/2022;5;;13
1550;22/05/2022;4;;21
1551;28/05/2022;3;;20
1552;25/05/2022;3;;4
1553;13/05/2022;4;;36
1554;31/05/2022;3;;18
1555;26/05/2022;4;;33
1556;10/05/2022;3;;39
1557;19/05/2022;4;;33
1558;21/05/2022;2;;20
1559;05/05/2022;4;;37
1560;07/05/2022;2;;18
1561;30/05/2022;2;;8
1562;11/05/2022;6;;10
1563;28/05/2022;2;;30
1564;31/05/2022;2;;16
1565;30/05/2022;1;;11
1566;05/05/2022;3;;5
1567;07/05/2022;1;;33
1568;27/05/2022;6;;21
1569;11/05/2022;4;;32
1570;21/05/2022;1;;29
1571;17/05/2022;1;;5
1572;03/05/2022;5;;11
1573;11/05/2022;3;;26
1574;25/05/2022;4;;9
1575;21/05/2022;3;;12
1576;17/05/2022;5;;11
1577;25/05/2022;2;;5
1578;30/05/2022;6;;37
1579;30/05/2022;3;;2
1580;27/05/2022;4;;23
1581;23/05/2022;5;;2
1582;24/05/2022;1;;39
1583;09/05/2022;1;;9
1584;08/05/2022;2;;2
1585;01/05/2022;6;;38
1586;07/05/2022;6;;21
1587;21/05/2022;5;;34
1588;07/05/2022;2;;33
1589;17/05/2022;3;;3
1590;12/05/2022;5;;31
1591;06/05/2022;6;;35
1592;19/05/2022;6;;13
1593;26/05/2022;2;;6
1594;28/05/2022;1;;31
1595;19/05/2022;2;;15
1596;09/05/2022;2;;2
1597;30/05/2022;4;;4
1598;04/05/2022;3;;24
1599;31/05/2022;5;;28
1600;29/05/2022;4;;21
1601;05/05/2022;5;;37
1602;04/05/2022;3;;15
1603;13/05/2022;2;;1
1604;23/05/2022;2;;26
1605;29/05/2022;1;;19
1606;23/05/2022;5;;34
1607;11/05/2022;3;;19
1608;06/05/2022;3;;36
1609;28/05/2022;3;;39
1610;07/05/2022;1;;5
1611;19/05/2022;5;;17
1612;10/05/2022;2;;26
1613;06/05/2022;6;;20
1614;23/05/2022;5;;8
1615;04/05/2022;5;;20
1616;29/05/2022;2;;28
1617;01/05/2022;6;;1
1618;12/05/2022;6;;38
1619;11/05/2022;1;;19
1620;14/05/2022;6;;6
1621;09/05/2022;5;;8
1622;01/05/2022;1;;15
1623;13/05/2022;1;;13
1624;30/05/2022;1;;14
1625;07/05/2022;5;;35
1626;26/05/2022;6;;16
1627;24/05/2022;2;;20
1628;05/05/2022;5;;32
1629;07/05/2022;2;;26
1630;26/05/2022;6;;35
1631;12/05/2022;5;;38
1632;06/05/2022;3;;38
1633;05/05/2022;3;;24
1634;03/05/2022;4;;5
1635;19/05/2022;2;31;30
1636;12/05/2022;6;53;1
1637;31/05/2022;6;54;14
1638;10/05/2022;1;2;14
1639;23/05/2022;4;55;37
1640;10/05/2022;4;27;40
1641;20/05/2022;1;42;31
1642;02/05/2022;1;53;4
1643;29/05/2022;6;16;7
1644;17/05/2022;1;51;1
1645;14/05/2022;2;26;7
1646;24/05/2022;6;1;36
1647;27/05/2022;4;57;33
1648;07/05/2022;2;60;29
1649;10/05/2022;2;28;10
1650;12/05/2022;3;47;14
1651;03/05/2022;1;40;3
1652;05/05/2022;4;5;4
1653;18/05/2022;4;30;8
1654;06/05/2022;4;8;15
1655;23/05/2022;6;28;2
1656;21/05/2022;5;35;7
1657;07/05/2022;6;58;20
1658;27/05/2022;5;40;13
1659;25/05/2022;4;48;3
1660;13/05/2022;3;13;34
1661;15/05/2022;5;51;8
1662;14/05/2022;6;60;24
1663;09/05/2022;6;30;38
1664;23/05/2022;2;44;18
1665;29/05/2022;6;3;3
1666;03/05/2022;6;45;27
1667;22/05/2022;4;59;39
1668;02/05/2022;4;27;26
1669;13/05/2022;2;27;23
1670;08/05/2022;2;11;30
1671;14/05/2022;3;8;36
1672;27/05/2022;4;60;25
1673;14/05/2022;5;34;39
1674;23/05/2022;4;41;19
1675;23/05/2022;4;26;3
1676;23/05/2022;4;60;33
1677;07/05/2022;1;11;38
1678;06/05/2022;4;53;9
1679;04/05/2022;3;3;17
1680;05/05/2022;3;2;5
1681;16/05/2022;5;37;30
1682;07/05/2022;4;46;38
1683;05/05/2022;3;10;24
1684;29/05/2022;4;3;9
1685;06/05/2022;4;54;12
1686;21/05/2022;3;56;26
1687;10/05/2022;6;50;31
1688;06/05/2022;6;47;32
1689;28/05/2022;5;38;4
1690;11/05/2022;2;34;33
1691;17/05/2022;3;6;17
1692;06/05/2022;1;53;16
1693;21/05/2022;1;31;28
1694;04/05/2022;4;19;9
1695;29/05/2022;2;34;2
1696;10/05/2022;3;48;4
1697;04/05/2022;1;51;14
1698;01/05/2022;3;6;22
1699;02/05/2022;3;40;3
1700;27/05/2022;1;44;34
1701;03/05/2022;2;48;40
1702;20/05/2022;1;20;20
1703;03/05/2022;4;33;37
1704;26/05/2022;1;5;39
1705;05/05/2022;2;6;17
1706;17/05/2022;4;55;19
1707;03/05/2022;6;36;40
1708;28/05/2022;5;31;10
1709;31/05/2022;2;58;24
1710;14/05/2022;4;39;1
1711;31/05/2022;3;36;17
1712;03/05/2022;5;16;24
1713;29/05/2022;1;5;15
1714;12/05/2022;4;25;38
1715;19/05/2022;2;19;28
1716;15/05/2022;4;31;6
1717;01/05/2022;2;34;24
1718;19/05/2022;6;34;33
1719;19/05/2022;5;35;9
1720;08/05/2022;5;56;27
1721;28/05/2022;5;6;17
1722;09/05/2022;1;28;4
1723;30/05/2022;2;32;33
1724;15/05/2022;5;35;32
1725;04/05/2022;2;53;16
1726;06/05/2022;3;34;13
1727;20/05/2022;1;40;13
1728;08/05/2022;3;47;26
1729;10/05/2022;1;44;16
1730;08/05/2022;6;20;17
1731;05/05/2022;5;29;23
1732;07/05/2022;2;42;38
1733;11/05/2022;6;3;23
1734;11/05/2022;2;4;20
1735;23/05/2022;3;54;40
1736;03/05/2022;1;50;4
1737;16/05/2022;5;14;4
1738;24/05/2022;1;3;31
1739;28/05/2022;3;8;38
1740;27/05/2022;4;49;31
1741;01/05/2022;1;57;1
1742;31/05/2022;4;28;30
1743;21/05/2022;1;48;29
1744;14/05/2022;2;51;33
1745;10/05/2022;5;53;4
1746;12/05/2022;2;48;32
1747;27/05/2022;1;49;34
1748;22/05/2022;1;40;30
1749;31/05/2022;2;10;11
1750;08/05/2022;4;30;1
1751;09/05/2022;5;7;39
1752;07/05/2022;4;24;17
1753;09/05/2022;6;48;23
1754;09/05/2022;5;9;35
1755;30/05/2022;1;11;6
1756;26/05/2022;4;20;35
1757;15/05/2022;6;51;1
1758;16/05/2022;4;46;7
1759;26/05/2022;3;37;33
1760;29/05/2022;4;46;34
1761;27/05/2022;3;1;8
1762;23/05/2022;2;1;35
1763;16/05/2022;3;21;32
1764;27/05/2022;6;42;15
1765;31/05/2022;5;47;32
1766;15/05/2022;1;41;9
1767;07/05/2022;1;54;12
1768;16/05/2022;5;7;18
1769;02/05/2022;5;48;29
1770;17/05/2022;1;54;12
1771;23/05/2022;2;9;31
1772;18/05/2022;1;28;12
1773;27/05/2022;3;25;28
1774;05/05/2022;4;17;38
1775;25/05/2022;3;2;33
1776;30/05/2022;5;21;31
1777;07/05/2022;6;9;22
1778;08/05/2022;3;25;28
1779;22/05/2022;4;28;1
1780;01/05/2022;1;11;30
1781;28/05/2022;1;30;20
1782;28/05/2022;2;20;2
1783;29/05/2022;2;27;35
1784;14/05/2022;5;8;3
1785;15/05/2022;5;5;26
1786;10/05/2022;3;39;37
1787;23/05/2022;1;52;27
1788;16/05/2022;4;29;3
1789;03/05/2022;2;16;36
1790;24/05/2022;6;45;28
1791;02/05/2022;3;24;28
1792;07/05/2022;1;44;16
1793;29/05/2022;4;51;1
1794;05/05/2022;1;10;2
1795;18/05/2022;3;39;23
1796;16/05/2022;3;27;38
1797;06/05/2022;2;7;3
1798;11/05/2022;3;8;5
1799;03/05/2022;5;19;11
1800;03/05/2022;1;57;32
1801;10/05/2022;6;24;40
1802;29/05/2022;3;32;15
1803;19/05/2022;4;49;25
1804;17/05/2022;2;2;17
1805;07/05/2022;4;31;19
1806;27/05/2022;5;60;7
1807;27/05/2022;6;58;35
1808;18/05/2022;4;43;28
1809;31/05/2022;1;25;22
1810;18/05/2022;2;38;2
1811;20/05/2022;6;49;3
1812;06/05/2022;4;10;8
1813;21/05/2022;3;49;15
1814;23/05/2022;4;45;5
1815;21/05/2022;6;2;27
1816;29/05/2022;2;27;40
1817;11/05/2022;2;40;23
1818;11/05/2022;6;39;21
1819;23/05/2022;4;34;11
1820;26/05/2022;2;21;11
1821;29/05/2022;3;49;14
1822;07/05/2022;6;4;12
1823;20/05/2022;5;27;26
1824;03/05/2022;2;3;8
1825;29/05/2022;2;35;15
1826;25/05/2022;1;14;4
1827;20/05/2022;4;56;3
1828;18/05/2022;1;29;13
1829;28/05/2022;4;30;36
1830;27/05/2022;5;48;1
1831;12/05/2022;1;13;29
1832;24/05/2022;6;33;1
1833;25/05/2022;2;43;1
1834;07/05/2022;2;10;29
1835;12/05/2022;3;33;17
1836;18/05/2022;1;6;35
1837;06/05/2022;6;57;8
1838;19/05/2022;6;25;20
1839;27/05/2022;1;8;21
1840;04/05/2022;3;23;36
1841;11/05/2022;6;21;12
1842;14/05/2022;2;34;32
1843;06/05/2022;4;53;29
1844;11/05/2022;4;44;12
1845;27/05/2022;1;3;32
1846;21/05/2022;1;35;5
1847;28/05/2022;1;51;22
1848;24/05/2022;2;60;13
1849;27/05/2022;3;38;8
1850;09/05/2022;2;59;31
1851;30/05/2022;1;39;29
1852;16/05/2022;3;23;1
1853;05/05/2022;5;55;15
1854;17/05/2022;2;9;26
1855;09/05/2022;3;45;5
1856;14/05/2022;6;3;14
1857;08/05/2022;2;7;38
1858;31/05/2022;5;31;39
1859;29/05/2022;2;15;34
1860;12/05/2022;1;54;32
1861;11/05/2022;3;11;8
1862;26/05/2022;1;44;26
1863;05/05/2022;1;22;4
1864;07/05/2022;4;21;18
1865;17/05/2022;4;44;20
1866;23/05/2022;6;25;6
1867;11/05/2022;4;10;31
1868;10/05/2022;1;19;27
1869;01/05/2022;4;39;20
1870;01/05/2022;3;35;26
1871;09/05/2022;1;56;27
1872;15/05/2022;6;18;35
1873;20/05/2022;5;56;16
1874;31/05/2022;1;22;33
1875;27/05/2022;6;21;11
1876;14/05/2022;5;8;4
1877;09/05/2022;5;45;13
1878;11/05/2022;4;24;8
1879;29/05/2022;4;38;40
1880;31/05/2022;1;31;16
1881;16/05/2022;2;42;9
1882;12/05/2022;2;49;14
1883;23/05/2022;1;27;16
1884;06/05/2022;6;3;17
1885;17/05/2022;2;48;35
1886;27/05/2022;2;22;17
1887;19/05/2022;3;56;4
1888;31/05/2022;3;27;24
1889;08/05/2022;3;26;12
1890;19/05/2022;5;38;34
1891;22/05/2022;4;22;32
1892;19/05/2022;2;41;17
1893;06/05/2022;5;3;23
1894;31/05/2022;4;6;2
1895;29/05/2022;4;44;2
1896;10/05/2022;3;40;28
1897;08/05/2022;3;55;17
1898;28/05/2022;3;40;16
1899;01/05/2022;1;46;11
1900;26/05/2022;2;20;31
1901;19/05/2022;4;47;6
1902;22/05/2022;2;13;20
1903;02/05/2022;5;15;1
1904;28/05/2022;1;54;31
1905;01/05/2022;6;41;29
1906;19/05/2022;3;2;38
1907;02/05/2022;1;31;29
1908;31/05/2022;3;37;29
1909;07/05/2022;2;3;21
1910;19/05/2022;4;55;11
1911;04/05/2022;3;27;13
1912;27/05/2022;3;38;12
1913;01/05/2022;4;43;39
1914;02/05/2022;6;13;18
1915;12/05/2022;6;8;18
1916;30/05/2022;2;31;1
1917;23/05/2022;5;33;11
1918;11/05/2022;1;52;15
1919;11/05/2022;2;16;4
1920;07/05/2022;4;2;5
1921;19/05/2022;1;45;19
1922;18/05/2022;2;16;24
1923;02/05/2022;6;56;1
1924;22/05/2022;5;39;7
1925;14/05/2022;3;27;15
1926;31/05/2022;4;4;31
1927;02/05/2022;4;56;31
1928;12/05/2022;6;22;6
1929;02/05/2022;5;47;36
1930;30/05/2022;3;11;25
1931;16/05/2022;4;17;34
1932;03/05/2022;3;22;19
1933;28/05/2022;5;58;34
1934;13/05/2022;2;11;10
1935;03/05/2022;3;44;2
1936;04/05/2022;2;28;39
1937;22/05/2022;4;24;8
1938;03/05/2022;4;16;24
1939;08/05/2022;1;11;15
1940;04/05/2022;3;27;10
1941;12/05/2022;2;38;38
1942;01/05/2022;1;17;23
1943;03/05/2022;4;7;27
1944;15/05/2022;4;54;8
1945;04/05/2022;4;35;37
1946;02/05/2022;4;39;34
1947;07/05/2022;1;54;27
1948;15/05/2022;6;25;2
1949;03/05/2022;3;32;21
1950;10/05/2022;6;33;37
1951;07/05/2022;4;60;36
1952;06/05/2022;1;43;36
1953;15/05/2022;3;55;13
1954;09/05/2022;3;43;28
1955;04/05/2022;1;51;9
1956;07/05/2022;4;44;22
1957;19/05/2022;1;7;17
1958;18/05/2022;3;42;16
1959;24/05/2022;5;53;4
1960;20/05/2022;1;14;36
1961;15/05/2022;4;30;35
1962;22/05/2022;5;30;26
1963;01/05/2022;3;49;32
1964;10/05/2022;6;48;30
1965;12/05/2022;1;1;14
1966;12/05/2022;5;25;4
1967;07/05/2022;4;5;8
1968;08/05/2022;6;12;32
1969;15/05/2022;4;20;30
1970;22/05/2022;6;56;25
1971;12/05/2022;4;26;12
1972;25/05/2022;3;26;22
1973;31/05/2022;2;1;39
1974;24/05/2022;3;31;38
1975;24/05/2022;2;7;5
1976;15/05/2022;2;39;1
1977;14/05/2022;5;57;23
1978;12/05/2022;6;46;12
1979;04/05/2022;5;53;3
1980;21/05/2022;3;44;15
1981;21/05/2022;5;6;6
1982;21/05/2022;4;4;39
1983;04/05/2022;2;21;37
1984;15/05/2022;5;2;38
1985;20/05/2022;6;5;34
1986;08/05/2022;1;8;6
1987;22/05/2022;5;14;40
1988;07/05/2022;1;35;35
1989;25/05/2022;1;22;2
1990;22/05/2022;5;36;15
1991;29/05/2022;6;59;34
1992;15/05/2022;4;2;21
1993;16/05/2022;2;10;37
1994;15/05/2022;6;2;17
1995;22/05/2022;4;44;19
1996;06/05/2022;3;28;16
1997;24/05/2022;4;6;33
1998;12/05/2022;5;46;25
1999;06/05/2022;2;28;24
2000;05/05/2022;5;55;33
2001;18/05/2022;5;55;32
2002;29/05/2022;1;34;37
2003;21/05/2022;5;2;4
2004;17/05/2022;4;4;20
2005;06/05/2022;2;26;7
2006;13/05/2022;3;49;15
2007;20/05/2022;2;47;34
2008;01/05/2022;2;34;25
2009;13/05/2022;1;2;13
2010;10/05/2022;3;21;23
2011;30/05/2022;1;20;21
2012;13/05/2022;4;25;37
2013;31/05/2022;3;4;22
2014;27/05/2022;4;18;8
2015;12/05/2022;5;48;36
2016;25/05/2022;3;38;32
2017;07/05/2022;1;47;3
2018;17/05/2022;3;38;10
2019;30/05/2022;2;14;6
2020;08/05/2022;3;23;36
2021;09/05/2022;5;41;40
2022;18/05/2022;4;7;13
2023;31/05/2022;3;5;2
2024;13/05/2022;4;22;32
2025;09/05/2022;5;5;8
2026;14/05/2022;6;50;25
2027;29/05/2022;6;55;30
2028;06/05/2022;5;39;21
2029;07/05/2022;3;56;23
2030;13/05/2022;3;11;37
2031;12/05/2022;4;9;24
2032;28/05/2022;1;32;27
2033;26/05/2022;2;18;37
2034;28/05/2022;1;55;14
2035;18/05/2022;3;51;40
2036;23/05/2022;4;51;33
2037;24/05/2022;4;31;1
2038;11/05/2022;1;26;33
2039;24/05/2022;3;55;19
2040;02/05/2022;6;43;15
2041;17/05/2022;2;55;39
2042;13/05/2022;6;58;22
2043;01/05/2022;1;43;1
2044;23/05/2022;6;54;11
2045;12/05/2022;3;9;34
2046;13/05/2022;1;31;35
2047;31/05/2022;2;14;23
2048;03/05/2022;4;13;21
2049;29/05/2022;4;24;24
2050;08/05/2022;1;13;2
2051;27/05/2022;2;54;35
2052;04/05/2022;3;1;29
2053;31/05/2022;5;44;25
2054;07/05/2022;3;8;13
2055;31/05/2022;1;8;37
2056;05/05/2022;6;60;29
2057;20/05/2022;2;57;20
2058;18/05/2022;4;14;36
2059;30/05/2022;2;53;31
2060;02/05/2022;6;8;31
2061;18/05/2022;3;24;28
2062;04/05/2022;1;50;28
2063;13/05/2022;2;29;8
2064;18/05/2022;3;38;12
2065;12/05/2022;3;48;35
2066;10/05/2022;1;34;1
2067;31/05/2022;2;41;1
2068;14/05/2022;6;44;15
2069;18/05/2022;6;36;26
2070;12/05/2022;6;18;27
2071;21/05/2022;4;18;17
2072;24/05/2022;6;40;35
2073;05/05/2022;4;15;25
2074;20/05/2022;5;21;40
2075;14/05/2022;2;60;32
2076;30/05/2022;6;1;27
2077;27/05/2022;6;4;7
2078;04/05/2022;1;21;14
2079;27/05/2022;2;48;6
2080;19/05/2022;1;14;35
2081;13/05/2022;5;9;10
2082;10/05/2022;1;41;16
2083;07/05/2022;6;53;30
2084;27/05/2022;1;28;22
2085;13/05/2022;4;46;15
2086;09/05/2022;2;19;14
2087;10/05/2022;4;46;13
2088;22/05/2022;5;7;9
2089;30/05/2022;1;22;31
2090;20/05/2022;1;13;32
2091;14/05/2022;6;34;17
2092;15/05/2022;4;24;32
2093;04/05/2022;4;49;24
2094;31/05/2022;5;8;37
2095;07/05/2022;6;24;36
2096;30/05/2022;4;46;30
2097;16/05/2022;2;26;4
2098;18/05/2022;6;44;21
2099;28/05/2022;2;3;3
2100;18/05/2022;6;42;16
2101;31/05/2022;6;23;10
2102;07/05/2022;6;20;38
2103;28/05/2022;6;40;38
2104;21/05/2022;3;3;5
2105;13/05/2022;1;50;40
2106;24/05/2022;6;41;6
2107;11/05/2022;5;50;29
2108;17/05/2022;6;30;1
2109;05/05/2022;3;60;25
2110;25/05/2022;1;10;13
2111;12/05/2022;1;27;11
2112;14/05/2022;6;39;37
2113;01/05/2022;3;11;40
2114;29/05/2022;6;23;22
2115;29/05/2022;1;34;20
2116;02/05/2022;4;53;38
2117;16/05/2022;6;22;13
2118;11/05/2022;3;40;27
2119;31/05/2022;4;19;4
2120;28/05/2022;2;26;9
2121;18/05/2022;1;53;12
2122;01/05/2022;6;21;40
2123;03/05/2022;1;49;8
2124;24/05/2022;1;36;4
2125;01/05/2022;1;49;10
2126;23/05/2022;1;34;8
2127;28/05/2022;5;55;7
2128;14/05/2022;6;24;28
2129;30/05/2022;1;46;27
2130;02/05/2022;4;59;39
2131;05/05/2022;3;49;32
2132;19/05/2022;4;18;9
2133;09/05/2022;2;46;22
2134;02/05/2022;4;52;30
2135;16/05/2022;2;7;25
2136;07/05/2022;6;17;6
2137;12/05/2022;3;17;29
2138;22/05/2022;1;51;8
2139;11/05/2022;3;7;32
2140;04/05/2022;6;45;35
2141;11/05/2022;1;23;15
2142;16/05/2022;2;41;11
2143;05/05/2022;5;2;19
2144;04/05/2022;1;31;34
2145;19/05/2022;2;6;36
2146;01/05/2022;1;30;27
2147;20/05/2022;1;6;21
2148;02/05/2022;1;10;25
2149;06/05/2022;2;7;18
2150;17/05/2022;2;50;27
2151;26/05/2022;4;34;40
2152;07/05/2022;1;12;15
2153;15/05/2022;2;2;5
2154;13/05/2022;5;58;21
2155;20/05/2022;1;6;20
2156;18/05/2022;5;10;23
2157;09/05/2022;3;13;18
2158;14/05/2022;3;19;3
2159;08/05/2022;5;18;5
2160;29/05/2022;3;47;8
2161;28/05/2022;4;42;4
2162;03/05/2022;6;50;8
2163;09/05/2022;4;23;2
2164;08/05/2022;4;59;21
2165;25/05/2022;2;50;26
2166;15/05/2022;3;39;28
2167;30/05/2022;4;26;30
2168;10/05/2022;6;38;2
2169;13/05/2022;1;25;34
2170;05/05/2022;3;25;27
2171;26/05/2022;4;22;39
2172;10/05/2022;2;60;22
2173;24/05/2022;5;35;38
2174;08/05/2022;4;2;13
2175;12/05/2022;5;20;23
2176;21/05/2022;5;44;9
2177;22/05/2022;4;34;5
2178;21/05/2022;4;43;26
2179;08/05/2022;4;26;1
2180;27/05/2022;4;31;29
2181;13/05/2022;2;60;8
2182;03/05/2022;1;16;9
2183;10/05/2022;2;57;3
2184;18/05/2022;6;53;4
2185;26/05/2022;5;46;14
2186;17/05/2022;2;3;17
2187;21/05/2022;3;51;31
2188;22/05/2022;2;1;22
2189;06/05/2022;6;57;11
2190;02/05/2022;1;26;39
2191;05/05/2022;5;9;36
2192;09/05/2022;5;34;28
2193;16/05/2022;6;12;37
2194;29/05/2022;4;46;16
2195;03/05/2022;6;44;10
2196;26/05/2022;1;45;30
2197;22/05/2022;1;29;27
2198;18/05/2022;4;27;32
2199;08/05/2022;2;53;11
2200;16/05/2022;6;25;4
2201;23/05/2022;5;19;17
2202;13/05/2022;4;8;22
2203;29/05/2022;5;43;30
2204;25/05/2022;4;30;19
2205;07/05/2022;5;54;34
2206;18/05/2022;5;22;13
2207;01/05/2022;3;16;24
2208;27/05/2022;2;8;2
2209;14/05/2022;4;33;9
2210;28/05/2022;1;46;25
2211;24/05/2022;5;29;2
2212;29/05/2022;2;5;28
2213;04/05/2022;6;20;13
2214;15/05/2022;2;45;21
2215;29/05/2022;1;7;2
2216;13/05/2022;6;54;16
2217;25/05/2022;1;16;16
2218;22/05/2022;4;56;17
2219;21/05/2022;5;16;30
2220;21/05/2022;4;9;39
2221;15/05/2022;1;4;40
2222;16/05/2022;5;38;32
2223;06/05/2022;1;25;34
2224;18/05/2022;2;21;35
2225;04/05/2022;6;21;18
2226;07/05/2022;1;51;9
2227;29/05/2022;6;17;26
2228;16/05/2022;3;14;30
2229;02/05/2022;5;47;12
2230;03/05/2022;3;37;40
2231;25/05/2022;2;27;31
2232;24/05/2022;4;29;15
2233;15/05/2022;6;53;12
2234;03/05/2022;4;18;16
2235;07/05/2022;3;57;10
2236;09/05/2022;3;3;18
2237;11/05/2022;5;39;33
2238;14/05/2022;6;8;9
2239;07/05/2022;2;26;15
2240;22/05/2022;5;45;9
2241;30/05/2022;1;51;35
2242;20/05/2022;5;45;2
2243;25/05/2022;6;53;4
2244;21/05/2022;1;28;40
2245;23/05/2022;6;21;5
2246;23/05/2022;6;4;28
2247;09/05/2022;5;59;30
2248;01/05/2022;4;41;23
2249;27/05/2022;5;27;30
2250;11/05/2022;4;33;19
2251;03/05/2022;3;13;38
2252;26/05/2022;6;51;31
2253;27/05/2022;5;22;25
2254;09/05/2022;4;39;37
2255;18/05/2022;2;44;3
2256;28/05/2022;2;7;27
2257;21/05/2022;2;13;21
2258;13/05/2022;5;16;20
2259;07/05/2022;1;50;21
2260;26/05/2022;2;4;11
2261;05/05/2022;1;5;7
2262;25/05/2022;5;28;8
2263;15/05/2022;2;26;17
2264;28/05/2022;3;7;27
2265;02/05/2022;2;35;15
2266;27/05/2022;3;37;22
2267;14/05/2022;5;55;21
2268;23/05/2022;5;48;25
2269;29/05/2022;5;6;22
2270;09/05/2022;6;49;20
2271;04/05/2022;6;14;32
2272;03/05/2022;5;24;12
2273;20/05/2022;5;38;9
2274;25/05/2022;3;34;9
2275;17/05/2022;6;51;24
2276;25/05/2022;3;30;11
2277;30/05/2022;4;56;7
2278;10/05/2022;2;15;11
2279;02/05/2022;4;11;19
2280;10/05/2022;1;21;26
2281;27/05/2022;3;4;32
2282;17/05/2022;2;58;29
2283;02/05/2022;4;13;13
2284;27/05/2022;4;14;13
2285;05/05/2022;5;60;14
2286;04/05/2022;6;9;28
2287;18/05/2022;6;34;28
2288;04/05/2022;6;1;10
2289;22/05/2022;2;20;24
2290;20/05/2022;2;33;16
2291;03/05/2022;2;27;22
2292;24/05/2022;6;6;12
2293;05/05/2022;5;46;5
2294;07/05/2022;4;25;13
2295;07/05/2022;2;19;17
2296;27/05/2022;1;4;34
2297;14/05/2022;4;34;30
2298;11/05/2022;5;14;1
2299;18/05/2022;2;51;17
2300;24/05/2022;5;59;15
2301;18/05/2022;1;33;14
2302;18/05/2022;2;23;13
2303;28/05/2022;1;6;14
2304;14/05/2022;2;1;21
2305;13/05/2022;4;40;7
2306;19/05/2022;1;14;5
2307;01/05/2022;2;18;29
2308;06/05/2022;2;6;6
2309;22/05/2022;6;48;5
2310;31/05/2022;6;14;3
2311;25/05/2022;6;53;39
2312;23/05/2022;3;45;7
2313;03/05/2022;6;20;7
2314;20/05/2022;3;32;40
2315;30/05/2022;1;56;3
2316;20/05/2022;5;6;2
2317;03/05/2022;3;7;3
2318;28/05/2022;5;31;20
2319;06/05/2022;2;57;9
2320;21/05/2022;3;38;22
2321;28/05/2022;5;15;21
2322;20/05/2022;5;44;31
2323;20/05/2022;2;58;21
2324;16/05/2022;6;39;9
2325;07/05/2022;2;36;3
2326;28/05/2022;1;1;33
2327;03/05/2022;5;9;39
2328;05/05/2022;5;29;8
2329;12/05/2022;1;23;27
2330;26/05/2022;2;35;8
2331;18/05/2022;6;4;1
2332;03/05/2022;1;45;26
2333;25/05/2022;2;27;13
2334;17/05/2022;6;43;2
2335;11/05/2022;4;9;7
2336;15/05/2022;6;2;11
2337;22/05/2022;2;11;11
2338;23/05/2022;2;52;8
2339;20/05/2022;2;39;14
2340;10/05/2022;4;38;17
2341;05/05/2022;5;31;13
2342;27/05/2022;2;3;5
2343;24/05/2022;3;30;15
2344;30/05/2022;3;2;31
2345;14/05/2022;6;48;28
2346;13/05/2022;1;5;7
2347;20/05/2022;1;31;9
2348;01/05/2022;2;50;11
2349;26/05/2022;4;35;29
2350;11/05/2022;1;39;30
2351;23/05/2022;3;1;7
2352;27/05/2022;5;22;30
2353;01/05/2022;5;39;5
2354;25/05/2022;1;8;1
2355;02/05/2022;6;51;2
2356;04/05/2022;1;50;23
2357;01/05/2022;4;54;16
2358;05/05/2022;4;14;22
2359;29/05/2022;5;2;1
2360;24/05/2022;5;18;22
2361;04/05/2022;4;53;10
2362;24/05/2022;1;52;1
2363;18/05/2022;4;4;4
2364;11/05/2022;1;51;39
2365;07/05/2022;2;10;16
2366;05/05/2022;1;12;33
2367;13/05/2022;5;46;23
2368;31/05/2022;6;6;21
2369;23/05/2022;6;37;40
2370;06/05/2022;4;10;37
2371;16/05/2022;4;53;13
2372;29/05/2022;4;5;10
2373;22/05/2022;6;31;23
2374;29/05/2022;1;25;4
2375;27/05/2022;1;36;24
2376;30/05/2022;6;59;11
2377;08/05/2022;5;50;24
2378;17/05/2022;5;48;13
2379;24/05/2022;4;27;39
2380;16/05/2022;4;21;28
2381;10/05/2022;5;48;8
2382;28/05/2022;3;8;1
2383;13/05/2022;4;5;33
2384;02/05/2022;3;4;6
2385;19/05/2022;1;50;2
2386;01/05/2022;6;7;2
2387;08/05/2022;6;45;38
2388;12/05/2022;6;40;15
2389;09/05/2022;5;45;7
2390;27/05/2022;6;57;7
2391;03/05/2022;4;42;23
2392;03/05/2022;6;36;29
2393;03/05/2022;3;30;22
2394;24/05/2022;5;55;6
2395;23/05/2022;6;21;19
2396;26/05/2022;4;14;9
2397;17/05/2022;4;48;30
2398;28/05/2022;1;35;28
2399;17/05/2022;5;57;18
2400;31/05/2022;2;21;16
2401;23/05/2022;6;8;3
2402;11/05/2022;3;14;25
2403;17/05/2022;5;29;18
2404;09/05/2022;2;2;4
2405;05/05/2022;2;39;37
2406;20/05/2022;5;10;11
2407;13/05/2022;3;36;27
2408;14/05/2022;1;30;9
2409;26/05/2022;2;43;7
2410;19/05/2022;4;25;8
2411;31/05/2022;2;10;37
2412;07/05/2022;5;53;17
2413;01/05/2022;6;18;32
2414;22/05/2022;4;19;36
2415;21/05/2022;2;8;20
2416;14/05/2022;4;3;24
2417;25/05/2022;3;40;27
2418;05/05/2022;2;49;18
2419;15/05/2022;1;18;34
2420;29/05/2022;6;49;38
2421;07/05/2022;3;14;35
2422;14/05/2022;2;25;32
2423;03/05/2022;1;26;17
2424;17/05/2022;3;6;7
2425;19/05/2022;1;14;40
2426;15/05/2022;5;20;32
2427;02/05/2022;2;11;29
2428;31/05/2022;2;30;34
2429;09/05/2022;3;53;18
2430;18/05/2022;2;54;17
2431;18/05/2022;5;29;31
2432;31/05/2022;2;33;28
2433;09/05/2022;5;15;14
2434;08/05/2022;6;13;40
2435;04/05/2022;6;26;35
2436;25/05/2022;2;15;12
2437;08/05/2022;4;38;33
2438;25/05/2022;6;24;8
2439;24/05/2022;5;14;14
2440;25/05/2022;5;30;13
2441;16/05/2022;2;37;19
2442;02/05/2022;6;45;34
2443;21/05/2022;6;51;32
2444;27/05/2022;5;51;14
2445;31/05/2022;2;44;26
2446;28/05/2022;5;40;39
2447;15/05/2022;6;21;16
2448;13/05/2022;2;4;10
2449;11/05/2022;3;7;11
2450;19/05/2022;1;58;37
2451;13/05/2022;3;2;2
2452;22/05/2022;5;44;25
2453;07/05/2022;5;57;36
2454;07/05/2022;3;11;37
2455;16/05/2022;6;35;17
2456;19/05/2022;1;;40
2457;21/05/2022;6;;22
2458;09/05/2022;6;;37
2459;22/05/2022;4;;24
2460;10/05/2022;6;;31
2461;12/05/2022;5;;40
2462;09/05/2022;2;;26
2463;29/05/2022;4;;1
2464;02/05/2022;5;;15
2465;05/05/2022;4;;35
2466;03/05/2022;5;;23
2467;19/05/2022;1;;27
2468;25/05/2022;2;;36
2469;26/05/2022;5;;34
2470;05/05/2022;1;;7
2471;03/05/2022;3;;35
2472;27/05/2022;1;;11
2473;01/05/2022;5;;17
2474;06/05/2022;6;;10
2475;30/05/2022;1;;16
2476;16/05/2022;5;;8
2477;29/05/2022;4;;1
2478;02/05/2022;3;;10
2479;13/05/2022;1;;25
2480;10/05/2022;1;;27
2481;13/05/2022;5;;27
2482;17/05/2022;4;;22
2483;01/05/2022;2;;29
2484;08/05/2022;1;;12
2485;16/05/2022;2;;14
2486;17/05/2022;6;;32
2487;11/05/2022;3;;4
2488;23/05/2022;1;;22
2489;31/05/2022;2;;19
2490;22/05/2022;3;;15
2491;11/05/2022;2;;10
2492;11/05/2022;5;;12
2493;29/05/2022;5;;18
2494;20/05/2022;1;;8
2495;01/05/2022;5;;32
2496;21/05/2022;3;;6
2497;31/05/2022;2;;32
2498;20/05/2022;3;;24
2499;20/05/2022;6;;16
2500;24/05/2022;5;;25
2501;26/05/2022;1;;24
2502;12/05/2022;2;;13
2503;26/05/2022;4;;19
2504;09/05/2022;4;;27
2505;07/05/2022;3;;40
2506;10/05/2022;1;;37
2507;28/05/2022;3;;32
2508;24/05/2022;4;;37
2509;05/05/2022;4;;26
2510;26/05/2022;2;;39
2511;13/05/2022;2;;24
2512;31/05/2022;4;;18
2513;29/05/2022;2;;25
2514;20/05/2022;3;;28
2515;25/05/2022;1;;34
2516;08/05/2022;5;;2
2517;14/05/2022;5;;29
2518;08/05/2022;5;;10
2519;04/05/2022;1;;35
2520;27/05/2022;1;;8
2521;01/05/2022;3;;31
2522;11/05/2022;4;;9
2523;18/05/2022;4;;23
2524;05/05/2022;1;;26
2525;11/05/2022;2;;8
2526;11/05/2022;6;;5
2527;25/05/2022;3;;31
2528;24/05/2022;3;;23
2529;10/05/2022;6;;2
2530;27/05/2022;2;;7
2531;22/05/2022;3;;24
2532;30/05/2022;6;;29
2533;06/05/2022;5;;18
2534;19/05/2022;6;;2
2535;21/05/2022;4;;38
2536;24/05/2022;5;;21
2537;30/05/2022;2;;26
2538;01/05/2022;2;;11
2539;10/05/2022;2;;17
2540;23/05/2022;6;;10
2541;12/05/2022;1;;7
2542;04/05/2022;2;;28
2543;20/05/2022;3;;34
2544;27/05/2022;1;;34
2545;06/05/2022;2;;12
2546;09/05/2022;4;;11
2547;13/05/2022;2;;26
2548;30/05/2022;1;;34
2549;05/05/2022;4;;26
2550;27/05/2022;4;;19
2551;03/05/2022;2;;36
2552;29/05/2022;4;;33
2553;21/05/2022;3;;24
2554;23/05/2022;2;;4
2555;26/05/2022;2;;37
2556;27/05/2022;1;;31
2557;15/05/2022;6;;12
2558;27/05/2022;4;;17
2559;28/05/2022;5;;3
2560;13/05/2022;5;;22
2561;02/05/2022;6;;19
2562;09/05/2022;3;;16
2563;20/05/2022;1;;9
2564;23/05/2022;6;;15
2565;28/05/2022;4;;11
2566;31/05/2022;3;;39
2567;07/05/2022;4;;13
2568;04/05/2022;1;;22
2569;18/05/2022;6;;15
2570;21/05/2022;1;;35
2571;05/05/2022;4;;25
2572;17/05/2022;1;;38
2573;13/05/2022;5;;34
2574;22/05/2022;1;;32
2575;23/05/2022;2;;23
2576;14/05/2022;5;;29
2577;21/05/2022;1;;11
2578;25/05/2022;6;;17
2579;01/05/2022;5;;35
2580;20/05/2022;2;;6
2581;10/05/2022;4;;1
2582;29/05/2022;2;;17
2583;20/05/2022;4;;22
2584;12/05/2022;3;;30
2585;22/05/2022;3;;35
2586;30/05/2022;4;;12
2587;12/05/2022;4;;33
2588;16/05/2022;6;;33
2589;31/05/2022;6;;18
2590;30/05/2022;5;;8
2591;11/05/2022;1;;16
2592;13/05/2022;1;;7
2593;25/05/2022;1;;23
2594;06/05/2022;1;;14
2595;23/05/2022;3;;3
2596;08/05/2022;2;;17
2597;12/05/2022;3;;3
2598;01/05/2022;2;;5
2599;29/05/2022;2;;30
2600;16/05/2022;6;;34
2601;28/05/2022;5;;9
2602;02/05/2022;5;;6
2603;26/05/2022;4;;28
2604;28/05/2022;1;;21
2605;18/05/2022;6;;32
2606;09/05/2022;1;;32
2607;21/05/2022;3;;28
2608;14/05/2022;3;;34
2609;02/05/2022;1;;30
2610;13/05/2022;3;;24
2611;08/05/2022;4;;1
2612;28/05/2022;6;;35
2613;22/05/2022;6;;10
2614;03/05/2022;3;;23
2615;29/05/2022;1;;10
2616;10/05/2022;3;;6
2617;23/05/2022;2;;15
2618;09/05/2022;1;;24
2619;03/05/2022;3;;10
2620;16/05/2022;2;;30
2621;18/05/2022;2;;25
2622;02/05/2022;6;;33
2623;16/05/2022;4;;11
2624;18/05/2022;6;;30
2625;16/05/2022;2;;14
2626;20/05/2022;5;;15
2627;29/05/2022;3;;28
2628;20/05/2022;4;;10
2629;21/05/2022;5;;2
2630;23/05/2022;5;;9
2631;27/05/2022;1;;22
2632;19/05/2022;3;;4
2633;13/05/2022;3;;28
2634;12/05/2022;6;;4
2635;14/05/2022;4;;11
2636;23/05/2022;1;;28
2637;14/05/2022;1;;9
2638;29/05/2022;3;;31
2639;28/05/2022;6;;9
2640;31/05/2022;5;;36
2641;03/05/2022;6;;27
2642;14/05/2022;5;;14
2643;15/05/2022;6;;14
2644;22/05/2022;5;;40
2645;18/05/2022;2;;22
2646;28/05/2022;6;;11
2647;07/05/2022;4;;40
2648;04/05/2022;4;;31
2649;17/05/2022;4;;31
2650;15/05/2022;3;;11
2651;12/05/2022;5;;37
2652;30/05/2022;5;;26
2653;14/05/2022;1;;29
2654;28/05/2022;1;;7
2655;23/05/2022;3;;6
2656;07/05/2022;6;;21
2657;24/05/2022;4;;40
2658;17/05/2022;4;;40
2659;03/05/2022;2;;31
2660;22/05/2022;3;;21
2661;25/05/2022;5;;9
2662;23/05/2022;4;;15
2663;02/05/2022;3;;39
2664;11/05/2022;6;;14
2665;24/05/2022;6;;8
2666;10/05/2022;6;;30
2667;18/05/2022;5;;37
2668;05/05/2022;4;;12
2669;23/05/2022;5;;1
2670;30/05/2022;1;;9
2671;19/05/2022;4;;15
2672;10/05/2022;1;;27
2673;25/05/2022;1;;24
2674;16/05/2022;6;;20
2675;25/05/2022;6;;14
2676;18/05/2022;6;;26
2677;19/05/2022;4;;9
2678;16/05/2022;5;;20
2679;16/05/2022;1;;36
2680;20/05/2022;6;;7
2681;08/05/2022;1;;2
2682;09/05/2022;6;;28
2683;03/05/2022;1;;33
2684;21/05/2022;1;;6
2685;12/05/2022;1;;15
2686;19/05/2022;6;;39
2687;18/05/2022;4;;24
2688;17/05/2022;1;;35
2689;17/05/2022;3;;14
2690;06/05/2022;2;;30
2691;30/05/2022;3;;28
2692;14/05/2022;1;;21
2693;03/05/2022;3;;1
2694;08/05/2022;3;;17
2695;05/05/2022;1;;20
2696;11/05/2022;3;;1
2697;14/05/2022;4;;20
2698;10/05/2022;4;;10
2699;31/05/2022;2;;14
2700;09/05/2022;2;;3
2701;21/05/2022;1;;26
2702;21/05/2022;1;;15
2703;03/05/2022;5;;29
2704;09/05/2022;3;;7
2705;17/05/2022;1;;36
2706;15/05/2022;3;;14
2707;05/05/2022;2;;2
2708;26/05/2022;2;;29
2709;28/05/2022;3;;19
2710;15/05/2022;2;;22
2711;20/05/2022;2;;8
2712;05/05/2022;4;;3
2713;29/05/2022;1;;40
2714;23/05/2022;6;;7
2715;01/05/2022;2;;25
2716;19/05/2022;1;;36
2717;29/05/2022;1;;39
2718;27/05/2022;5;;21
2719;18/05/2022;1;;3
2720;17/05/2022;2;;11
2721;18/05/2022;2;;35
2722;14/05/2022;1;;1
2723;04/05/2022;1;;3
2724;26/05/2022;6;;25
2725;13/05/2022;1;;27
2726;09/05/2022;6;;40
2727;04/05/2022;4;;19
2728;10/05/2022;4;;12
2729;08/05/2022;6;;9
2730;25/05/2022;2;;3
2731;07/05/2022;5;;28
2732;01/05/2022;6;;3
2733;22/05/2022;3;;19
2734;13/05/2022;5;;14
2735;03/05/2022;3;;36
2736;25/05/2022;3;;24
2737;11/05/2022;1;;1
2738;13/05/2022;1;;25
2739;27/05/2022;2;;36
2740;10/05/2022;4;;11
2741;20/05/2022;4;;23
2742;05/05/2022;6;;31
2743;14/05/2022;1;;31
2744;14/05/2022;2;;11
2745;21/05/2022;5;;4
2746;20/05/2022;5;;32
2747;05/05/2022;6;;18
2748;14/05/2022;6;;40
2749;04/05/2022;4;;21
2750;06/05/2022;3;;16
2751;25/05/2022;6;;32
2752;20/05/2022;1;;38
2753;15/05/2022;6;;20
2754;18/05/2022;6;;19
2755;17/05/2022;5;;23
2756;09/05/2022;4;;40
2757;22/05/2022;6;;13
2758;29/05/2022;2;;26
2759;27/05/2022;2;;7
2760;29/05/2022;6;;7
2761;27/05/2022;2;;16
2762;10/05/2022;1;;19
2763;11/05/2022;3;;33
2764;06/05/2022;2;;28
2765;13/05/2022;2;;20
2766;29/05/2022;6;;22
2767;03/05/2022;6;;33
2768;30/05/2022;3;;13
2769;01/05/2022;4;;6
2770;29/05/2022;1;;27
2771;15/05/2022;4;;30
2772;21/05/2022;2;;32
2773;13/05/2022;2;;28
2774;25/05/2022;5;;15
2775;24/05/2022;3;;19
2776;08/05/2022;5;;1
2777;16/05/2022;1;;30
2778;16/05/2022;5;;2
2779;10/05/2022;6;;29
2780;13/05/2022;6;;31
2781;28/05/2022;1;;14
2782;18/05/2022;4;;10
2783;08/05/2022;5;;13
2784;08/05/2022;1;;26
2785;12/05/2022;1;;4
2786;02/05/2022;3;;37
2787;25/05/2022;2;;14
2788;29/05/2022;6;;35
2789;23/05/2022;1;;22
2790;05/05/2022;5;;10
2791;12/05/2022;4;;31
2792;01/05/2022;6;;2
2793;01/05/2022;5;;39
2794;21/05/2022;3;;14
2795;02/05/2022;6;;5
2796;03/05/2022;6;;5
2797;03/05/2022;3;;28
2798;11/05/2022;1;;21
2799;31/05/2022;3;;39
2800;03/05/2022;2;;27
2801;22/05/2022;6;;37
2802;27/05/2022;4;;9
2803;14/05/2022;1;;24
2804;15/05/2022;3;;32
2805;30/05/2022;6;;33
2806;27/05/2022;1;;16
2807;25/05/2022;6;;12
2808;04/05/2022;1;;35
2809;04/05/2022;2;;32
2810;28/05/2022;2;;23
2811;09/05/2022;3;;7
2812;31/05/2022;4;;14
2813;05/05/2022;2;;30
2814;19/05/2022;3;;16
2815;07/05/2022;6;;27
2816;03/05/2022;4;;26
2817;13/05/2022;4;;18
2818;17/05/2022;4;;30
2819;02/05/2022;1;;2
2820;11/05/2022;1;;24
2821;26/05/2022;3;;23
2822;21/05/2022;5;;9
2823;22/05/2022;5;;2
2824;17/05/2022;6;;2
2825;27/05/2022;5;;21
2826;03/05/2022;6;;35
2827;07/05/2022;4;;40
2828;09/05/2022;2;;32
2829;10/05/2022;6;;38
2830;04/05/2022;5;;6
2831;20/05/2022;1;;6
2832;07/05/2022;6;52;20
2833;06/05/2022;2;8;19
2834;09/05/2022;4;2;38
2835;10/05/2022;5;36;15
2836;10/05/2022;6;35;17
2837;24/05/2022;1;12;18
2838;19/05/2022;1;45;37
2839;03/05/2022;3;55;8
2840;27/05/2022;5;43;2
2841;05/05/2022;2;49;11
2842;08/05/2022;6;20;9
2843;02/05/2022;2;16;6
2844;25/05/2022;6;35;15
2845;11/05/2022;3;32;33
2846;24/05/2022;1;16;32
2847;21/05/2022;3;56;28
2848;22/05/2022;5;21;31
2849;27/05/2022;3;59;28
2850;20/05/2022;5;49;31
2851;11/05/2022;6;14;14
2852;20/05/2022;3;7;32
2853;15/05/2022;5;20;27
2854;16/05/2022;5;59;21
2855;14/05/2022;6;38;24
2856;15/05/2022;4;26;31
2857;05/05/2022;2;60;35
2858;28/05/2022;6;26;27
2859;13/05/2022;1;51;38
2860;31/05/2022;5;42;37
2861;01/05/2022;4;21;34
2862;24/05/2022;6;27;23
2863;30/05/2022;4;50;8
2864;07/05/2022;5;6;18
2865;31/05/2022;5;54;18
2866;15/05/2022;1;21;7
2867;13/05/2022;2;58;29
2868;23/05/2022;1;55;11
2869;07/05/2022;3;11;31
2870;07/05/2022;4;60;29
2871;16/05/2022;5;3;2
2872;17/05/2022;3;20;5
2873;24/05/2022;2;37;25
2874;13/05/2022;2;32;7
2875;25/05/2022;4;43;4
2876;23/05/2022;6;15;28
2877;11/05/2022;1;53;24
2878;11/05/2022;4;59;2
2879;03/05/2022;2;27;39
2880;03/05/2022;6;41;20
2881;27/05/2022;1;20;21
2882;27/05/2022;3;29;36
2883;24/05/2022;2;52;5
2884;23/05/2022;2;37;27
2885;31/05/2022;2;13;36
2886;11/05/2022;6;6;33
2887;29/05/2022;5;43;5
2888;05/05/2022;6;25;3
2889;09/05/2022;1;51;11
2890;01/05/2022;1;46;33
2891;23/05/2022;6;17;23
2892;28/05/2022;1;35;35
2893;15/05/2022;4;60;18
2894;15/05/2022;3;37;26
2895;29/05/2022;2;9;21
2896;06/05/2022;3;31;29
2897;04/05/2022;2;53;2
2898;19/05/2022;1;21;23
2899;27/05/2022;5;16;34
2900;13/05/2022;1;45;22
2901;11/05/2022;4;58;26
2902;31/05/2022;6;11;18
2903;04/05/2022;6;21;3
2904;05/05/2022;6;49;1
2905;29/05/2022;5;5;35
2906;22/05/2022;4;51;32
2907;15/05/2022;2;7;36
2908;07/05/2022;2;19;1
2909;11/05/2022;1;26;22
2910;23/05/2022;1;15;5
2911;19/05/2022;1;50;10
2912;01/05/2022;4;37;27
2913;24/05/2022;4;9;7
2914;19/05/2022;2;58;18
2915;05/05/2022;4;54;25
2916;23/05/2022;3;1;30
2917;12/05/2022;5;10;13
2918;20/05/2022;1;2;33
2919;04/05/2022;3;51;14
2920;17/05/2022;4;40;22
2921;02/05/2022;5;32;8
2922;19/05/2022;2;30;7
2923;25/05/2022;1;17;12
2924;13/05/2022;3;35;32
2925;22/05/2022;2;25;7
2926;05/05/2022;3;56;13
2927;09/05/2022;1;18;17
2928;20/05/2022;4;21;33
2929;30/05/2022;1;24;7
2930;02/05/2022;6;24;12
2931;05/05/2022;2;1;10
2932;21/05/2022;5;43;17
2933;20/05/2022;5;37;27
2934;19/05/2022;6;19;35
2935;18/05/2022;3;5;28
2936;05/05/2022;5;41;33
2937;19/05/2022;6;31;37
2938;14/05/2022;6;2;27
2939;29/05/2022;3;35;20
2940;02/05/2022;4;3;19
2941;25/05/2022;6;38;31
2942;02/05/2022;2;33;1
2943;30/05/2022;4;51;7
2944;23/05/2022;3;15;15
2945;21/05/2022;4;57;25
2946;25/05/2022;6;47;3
2947;29/05/2022;5;40;26
2948;03/05/2022;5;28;29
2949;01/05/2022;5;40;20
2950;28/05/2022;6;13;4
2951;19/05/2022;4;52;21
2952;21/05/2022;5;45;10
2953;01/05/2022;1;22;10
2954;14/05/2022;1;57;1
2955;19/05/2022;3;49;3
2956;01/05/2022;4;54;20
2957;16/05/2022;1;21;21
2958;17/05/2022;3;11;27
2959;04/05/2022;2;49;27
2960;01/05/2022;5;11;16
2961;05/05/2022;4;51;29
2962;12/05/2022;4;31;15
2963;18/05/2022;6;15;14
2964;28/05/2022;3;19;17
2965;31/05/2022;5;17;20
2966;12/05/2022;6;53;26
2967;05/05/2022;1;49;2
2968;01/05/2022;1;32;23
2969;02/05/2022;6;22;22
2970;17/05/2022;1;43;28
2971;01/05/2022;4;46;1
2972;06/05/2022;5;53;11
2973;05/05/2022;2;54;22
2974;23/05/2022;2;6;10
2975;08/05/2022;1;45;24
2976;07/05/2022;6;24;27
2977;26/05/2022;5;48;28
2978;27/05/2022;3;45;20
2979;14/05/2022;6;33;18
2980;15/05/2022;6;1;28
2981;06/05/2022;1;40;34
2982;13/05/2022;6;54;33
2983;13/05/2022;3;47;28
2984;15/05/2022;4;11;10
2985;16/05/2022;6;4;33
2986;05/05/2022;1;12;35
2987;13/05/2022;3;33;31
2988;22/05/2022;1;43;4
2989;15/05/2022;4;22;16
2990;09/05/2022;3;32;4
2991;14/05/2022;3;40;10
2992;11/05/2022;3;45;29
2993;16/05/2022;6;55;26
2994;10/05/2022;5;19;21
2995;08/05/2022;2;48;39
2996;02/05/2022;6;6;4
2997;24/05/2022;3;18;26
2998;26/05/2022;1;7;23
2999;15/05/2022;6;39;15
3000;05/05/2022;2;27;9
3001;05/05/2022;3;30;12
3002;03/05/2022;2;17;5
3003;12/05/2022;1;47;12
3004;09/05/2022;2;42;36
3005;31/05/2022;6;11;2
3006;08/05/2022;2;14;28
3007;26/05/2022;1;48;29
3008;20/05/2022;1;22;1
3009;24/05/2022;1;47;35
3010;14/05/2022;3;29;13
3011;23/05/2022;5;14;23
3012;03/05/2022;5;11;6
3013;01/05/2022;6;49;19
3014;15/05/2022;1;18;13
3015;27/05/2022;2;42;28
3016;18/05/2022;1;1;21
3017;07/05/2022;2;31;31
3018;02/05/2022;1;39;32
3019;29/05/2022;6;18;3
3020;27/05/2022;4;16;26
3021;11/05/2022;5;15;19
3022;31/05/2022;2;27;8
3023;05/05/2022;1;42;23
3024;25/05/2022;5;49;36
3025;09/05/2022;6;51;2
3026;29/05/2022;2;52;36
3027;30/05/2022;6;40;32
3028;21/05/2022;5;20;6
3029;26/05/2022;6;40;21
3030;04/05/2022;3;2;6
3031;23/05/2022;4;12;23
3032;05/05/2022;1;37;32
3033;21/05/2022;6;13;39
3034;09/05/2022;6;58;33
3035;26/05/2022;1;12;33
3036;22/05/2022;5;28;6
3037;30/05/2022;6;10;37
3038;10/05/2022;6;41;31
3039;31/05/2022;2;56;27
3040;30/05/2022;4;25;28
3041;29/05/2022;1;14;39
3042;15/05/2022;6;39;37
3043;04/05/2022;5;7;17
3044;19/05/2022;5;14;40
3045;24/05/2022;2;12;33
3046;16/05/2022;6;43;6
3047;13/05/2022;6;40;3
3048;24/05/2022;1;3;11
3049;21/05/2022;3;48;22
3050;01/05/2022;3;42;1
3051;17/05/2022;3;54;25
3052;15/05/2022;2;32;26
3053;21/05/2022;3;13;19
3054;26/05/2022;4;28;40
3055;31/05/2022;5;37;11
3056;28/05/2022;5;44;1
3057;19/05/2022;4;42;33
3058;17/05/2022;3;24;26
3059;15/05/2022;1;41;24
3060;18/05/2022;5;5;20
3061;03/05/2022;3;15;15
3062;14/05/2022;1;56;9
3063;23/05/2022;6;59;13
3064;25/05/2022;4;46;28
3065;09/05/2022;6;7;5
3066;09/05/2022;6;11;30
3067;22/05/2022;5;7;20
3068;24/05/2022;6;44;5
3069;11/05/2022;5;29;26
3070;08/05/2022;2;17;34
3071;07/05/2022;2;27;10
3072;01/05/2022;2;57;12
3073;30/05/2022;4;35;4
3074;30/05/2022;1;40;22
3075;26/05/2022;4;23;27
3076;10/05/2022;3;33;37
3077;01/05/2022;4;35;27
3078;27/05/2022;6;33;39
3079;13/05/2022;1;8;7
3080;18/05/2022;1;46;22
3081;03/05/2022;3;38;24
3082;26/05/2022;1;18;4
3083;30/05/2022;2;10;31
3084;07/05/2022;4;19;11
3085;05/05/2022;6;12;4
3086;14/05/2022;6;58;35
3087;24/05/2022;1;8;27
3088;08/05/2022;5;58;35
3089;09/05/2022;2;42;6
3090;04/05/2022;2;6;17
3091;01/05/2022;1;25;28
3092;07/05/2022;2;53;37
3093;19/05/2022;5;39;39
3094;18/05/2022;5;40;32
3095;29/05/2022;2;33;15
3096;21/05/2022;1;36;39
3097;23/05/2022;2;8;29
3098;03/05/2022;1;4;16
3099;30/05/2022;2;42;23
3100;17/05/2022;5;19;40
3101;03/05/2022;4;48;24
3102;20/05/2022;4;17;28
3103;03/05/2022;3;14;8
3104;02/05/2022;4;41;13
3105;13/05/2022;4;58;40
3106;29/05/2022;1;48;6
3107;23/05/2022;1;38;11
3108;25/05/2022;6;51;27
3109;22/05/2022;1;49;26
3110;05/05/2022;4;33;17
3111;11/05/2022;4;2;40
3112;03/05/2022;3;58;16
3113;10/05/2022;6;60;1
3114;14/05/2022;4;42;34
3115;31/05/2022;2;38;17
3116;09/05/2022;2;11;26
3117;28/05/2022;3;30;40
3118;30/05/2022;4;2;30
3119;08/05/2022;5;38;25
3120;11/05/2022;6;18;36
3121;26/05/2022;6;25;32
3122;01/05/2022;1;33;1
3123;24/05/2022;5;43;18
3124;14/05/2022;1;10;11
3125;27/05/2022;4;43;24
3126;13/05/2022;1;42;35
3127;20/05/2022;6;37;30
3128;14/05/2022;5;56;10
3129;19/05/2022;6;9;13
3130;03/05/2022;3;41;28
3131;10/05/2022;3;4;2
3132;27/05/2022;2;46;40
3133;01/05/2022;3;48;31
3134;12/05/2022;4;36;12
3135;01/05/2022;4;55;14
3136;05/05/2022;3;44;10
3137;31/05/2022;1;23;8
3138;23/05/2022;4;42;11
3139;31/05/2022;4;51;9
3140;16/05/2022;1;5;26
3141;12/05/2022;1;15;40
3142;18/05/2022;5;30;18
3143;12/05/2022;6;46;7
3144;02/05/2022;4;37;19
3145;26/05/2022;2;43;6
3146;01/05/2022;1;37;12
3147;29/05/2022;6;31;4
3148;15/05/2022;6;11;40
3149;10/05/2022;4;25;23
3150;26/05/2022;3;14;33
3151;23/05/2022;6;24;7
3152;29/05/2022;4;10;11
3153;31/05/2022;2;23;4
3154;14/05/2022;1;31;33
3155;11/05/2022;2;1;33
3156;13/05/2022;1;23;35
3157;05/05/2022;5;38;26
3158;21/05/2022;5;34;40
3159;17/05/2022;5;60;15
3160;22/05/2022;2;21;36
3161;12/05/2022;6;11;17
3162;20/05/2022;5;54;36
3163;29/05/2022;5;7;28
3164;11/05/2022;1;2;16
3165;27/05/2022;4;18;29
3166;26/05/2022;3;27;9
3167;11/05/2022;2;37;22
3168;31/05/2022;2;52;10
3169;11/05/2022;5;56;22
3170;19/05/2022;5;39;25
3171;13/05/2022;6;29;2
3172;07/05/2022;3;51;7
